"","sampleId","siteId","predictorId","abbreviation","value","isTemporal","predictorValue","qaqcDate","predictorValueUpdatedDate","status"
"1",178531,31010,2,"ElevCat",1914.12531523793,FALSE,"1914.12531523793",NA,"2022-04-05T19:09:57.393046+00:00","Valid"
"2",178532,31009,2,"ElevCat",1723.02683690677,FALSE,"1723.02683690677",NA,"2022-04-05T19:09:57.63379+00:00","Valid"
"3",178533,31011,2,"ElevCat",1815.41736688549,FALSE,"1815.41736688549",NA,"2022-04-05T19:09:57.847053+00:00","Valid"
"4",178534,31045,2,"ElevCat",1703.79787644788,FALSE,"1703.79787644788",NA,"2022-04-05T19:09:58.098397+00:00","Valid"
"5",178535,31047,2,"ElevCat",1875.03975653742,FALSE,"1875.03975653742",NA,"2022-04-05T19:09:58.776802+00:00","Valid"
"6",178536,31042,2,"ElevCat",1565.94803901951,FALSE,"1565.94803901951",NA,"2022-04-05T19:09:59.009701+00:00","Valid"
"7",178537,31050,2,"ElevCat",1659.81722482014,FALSE,"1659.81722482014",NA,"2022-04-05T19:09:59.215808+00:00","Valid"
"8",178538,31041,2,"ElevCat",1710.740683191,FALSE,"1710.740683191",NA,"2022-04-05T19:09:59.432045+00:00","Valid"
"9",178539,31049,2,"ElevCat",2065.15271564257,FALSE,"2065.15271564257",NA,"2022-04-05T19:09:59.671039+00:00","Valid"
"10",178540,31046,2,"ElevCat",1229.8517804878,FALSE,"1229.8517804878",NA,"2022-04-05T19:09:59.914146+00:00","Valid"
"11",178541,31048,2,"ElevCat",1479.00774941995,FALSE,"1479.00774941995",NA,"2022-04-05T19:10:00.128441+00:00","Valid"
"12",178542,31043,2,"ElevCat",1519.54396800502,FALSE,"1519.54396800502",NA,"2022-04-05T19:10:00.396717+00:00","Valid"
"13",178543,31052,2,"ElevCat",2092.85674922601,FALSE,"2092.85674922601",NA,"2022-04-05T19:10:00.622136+00:00","Valid"
"14",178544,31044,2,"ElevCat",1520.0241749503,FALSE,"1520.0241749503",NA,"2022-07-20T22:09:50.697557+00:00","Valid"
"15",178545,31051,2,"ElevCat",2258.08838515547,FALSE,"2258.08838515547",NA,"2022-04-05T19:10:01.100615+00:00","Valid"
"16",178546,31053,2,"ElevCat",2099.07405461819,FALSE,"2099.07405461819",NA,"2022-04-05T19:10:01.354802+00:00","Valid"
"17",178547,31054,2,"ElevCat",1725.12371177058,FALSE,"1725.12371177058",NA,"2022-04-05T19:10:01.970649+00:00","Valid"
"18",178548,31055,2,"ElevCat",1736.37282814614,FALSE,"1736.37282814614",NA,"2022-04-05T19:10:02.345444+00:00","Valid"
"19",178549,31148,2,"ElevCat",1893.77028627838,FALSE,"1893.77028627838",NA,"2022-04-05T19:10:02.722817+00:00","Valid"
"20",178550,31146,2,"ElevCat",1282.24464623629,FALSE,"1282.24464623629",NA,"2022-04-05T19:10:02.980227+00:00","Valid"
"21",178551,31147,2,"ElevCat",1790.5007068297,FALSE,"1790.5007068297",NA,"2022-04-05T19:10:03.218607+00:00","Valid"
"22",178552,11086,2,"ElevCat",2160.16136192626,FALSE,"2160.16136192626",NA,"2022-07-20T22:09:26.162433+00:00","Valid"
"23",178553,31141,2,"ElevCat",1588.40672188755,FALSE,"1588.40672188755",NA,"2022-04-05T19:10:03.704701+00:00","Valid"
"24",178554,31144,2,"ElevCat",1292.39306772908,FALSE,"1292.39306772908",NA,"2022-04-05T19:10:03.935589+00:00","Valid"
"25",178555,31139,2,"ElevCat",1733.26659162154,FALSE,"1733.26659162154",NA,"2022-04-05T19:10:04.178265+00:00","Valid"
"26",178556,31138,2,"ElevCat",1424.57159533074,FALSE,"1424.57159533074",NA,"2022-04-05T19:10:04.458747+00:00","Valid"
"27",178557,31149,2,"ElevCat",2039.61542156863,FALSE,"2039.61542156863",NA,"2022-04-05T19:10:04.737069+00:00","Valid"
"28",178558,31150,2,"ElevCat",2129.54141405589,FALSE,"2129.54141405589",NA,"2022-04-05T19:10:05.015499+00:00","Valid"
"29",178559,31143,2,"ElevCat",1485.67753398969,FALSE,"1485.67753398969",NA,"2022-04-05T19:10:05.41074+00:00","Valid"
"30",178560,31140,2,"ElevCat",1349.93315544775,FALSE,"1349.93315544775",NA,"2022-04-05T19:10:05.682123+00:00","Valid"
"31",178561,31145,2,"ElevCat",1143.75369472563,FALSE,"1143.75369472563",NA,"2022-04-05T19:10:05.910025+00:00","Valid"
"32",178562,31142,2,"ElevCat",1195.31859340403,FALSE,"1195.31859340403",NA,"2022-04-05T19:10:06.220573+00:00","Valid"
"33",178563,31151,2,"ElevCat",1692.19506984127,FALSE,"1692.19506984127",NA,"2022-04-05T19:10:06.435659+00:00","Valid"
"34",178565,31198,2,"ElevCat",1608.57359594384,FALSE,"1608.57359594384",NA,"2022-04-05T19:10:07.007022+00:00","Valid"
"35",178566,31200,2,"ElevCat",1635.83137104995,FALSE,"1635.83137104995",NA,"2022-04-05T19:10:07.231092+00:00","Valid"
"36",178567,31199,2,"ElevCat",1601.06104950495,FALSE,"1601.06104950495",NA,"2022-04-05T19:10:07.565227+00:00","Valid"
"37",178568,20515,2,"ElevCat",2002.15551262075,FALSE,"2002.15551262075",NA,"2022-08-01T20:45:32.668693+00:00","Valid"
"38",178569,20507,2,"ElevCat",1980.21785868782,FALSE,"1980.21785868782",NA,"2022-08-01T20:45:30.485998+00:00","Valid"
"39",178570,31273,2,"ElevCat",2357.90035597826,FALSE,"2357.90035597826",NA,"2022-04-05T19:10:08.235984+00:00","Valid"
"40",178571,20511,2,"ElevCat",2047.78616147309,FALSE,"2047.78616147309",NA,"2022-08-01T20:45:31.508964+00:00","Valid"
"41",178572,31278,2,"ElevCat",1877.24080065808,FALSE,"1877.24080065808",NA,"2022-04-05T19:10:08.677446+00:00","Valid"
"42",178573,31279,2,"ElevCat",2355.83082990441,FALSE,"2355.83082990441",NA,"2022-04-05T19:10:08.923597+00:00","Valid"
"43",178574,31277,2,"ElevCat",2229.02061642062,FALSE,"2229.02061642062",NA,"2022-04-05T19:10:09.171654+00:00","Valid"
"44",178575,20509,2,"ElevCat",2142.391052289,FALSE,"2142.391052289",NA,"2022-08-01T20:45:30.982915+00:00","Valid"
"45",178576,20508,2,"ElevCat",1723.77423611111,FALSE,"1723.77423611111",NA,"2022-08-01T20:45:30.732299+00:00","Valid"
"46",178577,31276,2,"ElevCat",2458.91055363695,FALSE,"2458.91055363695",NA,"2022-04-05T19:10:09.923836+00:00","Valid"
"47",178578,20512,2,"ElevCat",2311.94924528302,FALSE,"2311.94924528302",NA,"2022-08-01T20:45:31.746201+00:00","Valid"
"48",178579,31272,2,"ElevCat",2067.3443356091,FALSE,"2067.3443356091",NA,"2022-04-05T19:10:10.435536+00:00","Valid"
"49",178580,20513,2,"ElevCat",2867.84925496991,FALSE,"2867.84925496991",NA,"2022-08-01T20:45:32.268208+00:00","Valid"
"50",178581,20404,2,"ElevCat",2196.76235578113,FALSE,"2196.76235578113",NA,"2022-08-01T20:45:11.360549+00:00","Valid"
"51",178582,20505,2,"ElevCat",2547.83546037736,FALSE,"2547.83546037736",NA,"2022-08-01T20:45:29.925409+00:00","Valid"
"52",178583,31284,2,"ElevCat",1845.88740578035,FALSE,"1845.88740578035",NA,"2022-04-05T19:10:11.316895+00:00","Valid"
"53",178584,20535,2,"ElevCat",2151.92057142857,FALSE,"2151.92057142857",NA,"2022-07-20T22:07:25.942724+00:00","Valid"
"54",178585,31274,2,"ElevCat",2619.87446615136,FALSE,"2619.87446615136",NA,"2022-04-05T19:10:11.858026+00:00","Valid"
"55",178586,20403,2,"ElevCat",1755.02744041451,FALSE,"1755.02744041451",NA,"2022-08-01T20:45:29.692785+00:00","Valid"
"56",178587,20411,2,"ElevCat",1824.34392009734,FALSE,"1824.34392009734",NA,"2022-07-20T22:07:23.610251+00:00","Valid"
"57",178588,31281,2,"ElevCat",2019.91971507353,FALSE,"2019.91971507353",NA,"2022-04-05T19:10:12.534953+00:00","Valid"
"58",178589,31275,2,"ElevCat",1886.88571842201,FALSE,"1886.88571842201",NA,"2022-04-05T19:10:12.752438+00:00","Valid"
"59",178590,31283,2,"ElevCat",1645.09728529254,FALSE,"1645.09728529254",NA,"2022-04-05T19:10:13.050903+00:00","Valid"
"60",178591,31282,2,"ElevCat",2244.81530899976,FALSE,"2244.81530899976",NA,"2022-04-05T19:10:13.29096+00:00","Valid"
"61",178592,31280,2,"ElevCat",1990.47880684376,FALSE,"1990.47880684376",NA,"2022-04-05T19:10:13.517356+00:00","Valid"
"62",178593,20516,2,"ElevCat",1433.52669724771,FALSE,"1433.52669724771",NA,"2022-08-01T20:45:32.860193+00:00","Valid"
"63",178594,20416,2,"ElevCat",1906.30895245251,FALSE,"1906.30895245251",NA,"2022-07-20T22:07:24.727447+00:00","Valid"
"64",178595,31298,2,"ElevCat",2082.58508470415,FALSE,"2082.58508470415",NA,"2022-04-05T19:10:14.229201+00:00","Valid"
"65",178596,31296,2,"ElevCat",1702.15245322245,FALSE,"1702.15245322245",NA,"2022-04-05T19:10:14.447477+00:00","Valid"
"66",178597,31295,2,"ElevCat",1549.97280068729,FALSE,"1549.97280068729",NA,"2022-04-05T19:10:14.655344+00:00","Valid"
"67",178598,31293,2,"ElevCat",1169.37855878265,FALSE,"1169.37855878265",NA,"2022-04-05T19:10:14.933309+00:00","Valid"
"68",178599,31294,2,"ElevCat",932.473195684524,FALSE,"932.473195684524",NA,"2022-04-05T19:10:15.172782+00:00","Valid"
"69",178600,31303,2,"ElevCat",1634.82129847745,FALSE,"1634.82129847745",NA,"2022-04-05T19:10:15.400348+00:00","Valid"
"70",178601,31300,2,"ElevCat",2049.2021983684,FALSE,"2049.2021983684",NA,"2022-04-05T19:10:15.651405+00:00","Valid"
"71",178602,31302,2,"ElevCat",1967.73793874575,FALSE,"1967.73793874575",NA,"2022-04-05T19:10:15.881947+00:00","Valid"
"72",178603,31306,2,"ElevCat",2104.06836761406,FALSE,"2104.06836761406",NA,"2022-04-05T19:10:16.179357+00:00","Valid"
"73",178604,31304,2,"ElevCat",1905.6336259542,FALSE,"1905.6336259542",NA,"2022-04-05T19:10:16.671852+00:00","Valid"
"74",178605,31299,2,"ElevCat",2379.16467936869,FALSE,"2379.16467936869",NA,"2022-04-05T19:10:16.930478+00:00","Valid"
"75",178606,31301,2,"ElevCat",2259.81207853461,FALSE,"2259.81207853461",NA,"2022-04-05T19:10:17.164839+00:00","Valid"
"76",178607,31307,2,"ElevCat",2033.83676059789,FALSE,"2033.83676059789",NA,"2022-04-05T19:10:17.41151+00:00","Valid"
"77",178608,31297,2,"ElevCat",1426.77388958235,FALSE,"1426.77388958235",NA,"2022-04-05T19:10:17.646286+00:00","Valid"
"78",178609,12571,2,"ElevCat",1142.41349954669,FALSE,"1142.41349954669",NA,"2022-08-01T16:06:04.582171+00:00","Valid"
"79",178610,30612,2,"ElevCat",1021.90115551694,FALSE,"1021.90115551694",NA,"2022-08-01T16:06:24.207738+00:00","Valid"
"80",178611,30634,2,"ElevCat",1620.48790702897,FALSE,"1620.48790702897",NA,"2022-08-01T16:05:58.233868+00:00","Valid"
"81",178612,12608,2,"ElevCat",1842.28641991925,FALSE,"1842.28641991925",NA,"2022-08-01T16:06:41.570753+00:00","Valid"
"82",178613,12606,2,"ElevCat",1722.83729618302,FALSE,"1722.83729618302",NA,"2022-08-01T20:47:48.38297+00:00","Valid"
"83",178614,12575,2,"ElevCat",1838.72539395827,FALSE,"1838.72539395827",NA,"2022-08-01T16:07:08.571652+00:00","Valid"
"84",178615,12599,2,"ElevCat",1985.2000525394,FALSE,"1985.2000525394",NA,"2022-08-01T16:06:10.729286+00:00","Valid"
"85",178616,12605,2,"ElevCat",1408.60327557481,FALSE,"1408.60327557481",NA,"2022-08-01T16:06:40.467204+00:00","Valid"
"86",178617,30614,2,"ElevCat",1848.1431293788,FALSE,"1848.1431293788",NA,"2022-08-01T16:07:01.742191+00:00","Valid"
"87",178677,30606,2,"ElevCat",1565.94803901951,FALSE,"1565.94803901951",NA,"2022-08-01T16:05:57.990478+00:00","Valid"
"88",178678,31040,2,"ElevCat",1701.54364480101,FALSE,"1701.54364480101",NA,"2022-04-05T19:10:20.292728+00:00","Valid"
"89",184854,11061,2,"ElevCat",2020.99523628514,FALSE,"2020.99523628514",NA,"2022-04-05T19:10:20.54752+00:00","Valid"
"90",184855,11083,2,"ElevCat",2104.43859189204,FALSE,"2104.43859189204",NA,"2022-04-05T19:10:20.797044+00:00","Valid"
"91",184999,33520,2,"ElevCat",1715.81922145329,FALSE,"1715.81922145329",NA,"2022-04-05T19:10:21.107536+00:00","Valid"
"92",185050,20514,2,"ElevCat",2669.57402517306,FALSE,"2669.57402517306",NA,"2022-08-01T20:45:32.443417+00:00","Valid"
"93",185051,20532,2,"ElevCat",1613.88610215616,FALSE,"1613.88610215616",NA,"2022-07-20T22:07:25.348425+00:00","Valid"
"94",185070,30648,2,"ElevCat",1825.57276182187,FALSE,"1825.57276182187",NA,"2022-08-01T16:06:52.31199+00:00","Valid"
"95",185703,19136,2,"ElevCat",2043.41698859006,FALSE,"2043.41698859006",NA,"2022-07-20T22:09:28.062246+00:00","Valid"
"96",185704,33724,2,"ElevCat",2359.38253371067,FALSE,"2359.38253371067",NA,"2022-04-05T19:10:22.798447+00:00","Valid"
"97",178531,31010,4,"Tmean8110Ws",5.68904032663744,FALSE,"5.68904032663744",NA,"2022-04-05T19:10:23.101649+00:00","Valid"
"98",178532,31009,4,"Tmean8110Ws",6.39340255184957,FALSE,"6.39340255184957",NA,"2022-04-05T19:10:23.318721+00:00","Valid"
"99",178533,31011,4,"Tmean8110Ws",6.3618293409823,FALSE,"6.3618293409823",NA,"2022-04-05T19:10:23.557917+00:00","Valid"
"100",178534,31045,4,"Tmean8110Ws",6.24785214419353,FALSE,"6.24785214419353",NA,"2022-04-05T19:10:23.765815+00:00","Valid"
"101",178535,31047,4,"Tmean8110Ws",5.96409364833505,FALSE,"5.96409364833505",NA,"2022-04-05T19:10:24.054617+00:00","Valid"
"102",178536,31042,4,"Tmean8110Ws",6.56948413778837,FALSE,"6.56948413778837",NA,"2022-04-05T19:10:24.289448+00:00","Valid"
"103",178537,31050,4,"Tmean8110Ws",8.21250215246403,FALSE,"8.21250215246403",NA,"2022-04-05T19:10:24.523859+00:00","Valid"
"104",178538,31041,4,"Tmean8110Ws",6.09224353701603,FALSE,"6.09224353701603",NA,"2022-04-05T19:10:24.749283+00:00","Valid"
"105",178539,31049,4,"Tmean8110Ws",5.73657499675555,FALSE,"5.73657499675555",NA,"2022-04-05T19:10:25.04923+00:00","Valid"
"106",178540,31046,4,"Tmean8110Ws",8.0808242937187,FALSE,"8.0808242937187",NA,"2022-04-05T19:10:25.321716+00:00","Valid"
"107",178541,31048,4,"Tmean8110Ws",7.40386080873173,FALSE,"7.40386080873173",NA,"2022-04-05T19:10:25.554804+00:00","Valid"
"108",178542,31043,4,"Tmean8110Ws",7.33383744241257,FALSE,"7.33383744241257",NA,"2022-04-05T19:10:25.802105+00:00","Valid"
"109",178543,31052,4,"Tmean8110Ws",5.91103969746693,FALSE,"5.91103969746693",NA,"2022-04-05T19:10:26.041089+00:00","Valid"
"110",178544,31044,4,"Tmean8110Ws",6.92060358925024,FALSE,"6.92060358925024",NA,"2022-07-20T22:27:21.195509+00:00","Valid"
"111",178545,31051,4,"Tmean8110Ws",4.96857724397693,FALSE,"4.96857724397693",NA,"2022-04-05T19:10:26.511549+00:00","Valid"
"112",178546,31053,4,"Tmean8110Ws",4.88135373494717,FALSE,"4.88135373494717",NA,"2022-04-05T19:10:26.760172+00:00","Valid"
"113",178547,31054,4,"Tmean8110Ws",6.82300627025239,FALSE,"6.82300627025239",NA,"2022-04-05T19:10:26.991961+00:00","Valid"
"114",178548,31055,4,"Tmean8110Ws",5.85857197379342,FALSE,"5.85857197379342",NA,"2022-04-05T19:10:27.277976+00:00","Valid"
"115",178549,31148,4,"Tmean8110Ws",5.71055808638789,FALSE,"5.71055808638789",NA,"2022-04-05T19:10:27.509278+00:00","Valid"
"116",178550,31146,4,"Tmean8110Ws",7.06891889979997,FALSE,"7.06891889979997",NA,"2022-04-05T19:10:27.726014+00:00","Valid"
"117",178551,31147,4,"Tmean8110Ws",6.81054512451536,FALSE,"6.81054512451536",NA,"2022-04-05T19:10:27.955106+00:00","Valid"
"118",178552,11086,4,"Tmean8110Ws",4.92826686555557,FALSE,"4.92826686555557",NA,"2022-07-20T22:26:56.37492+00:00","Valid"
"119",178553,31141,4,"Tmean8110Ws",6.19669315724137,FALSE,"6.19669315724137",NA,"2022-04-05T19:10:28.445641+00:00","Valid"
"120",178554,31144,4,"Tmean8110Ws",6.97786038204137,FALSE,"6.97786038204137",NA,"2022-04-05T19:10:28.6515+00:00","Valid"
"121",178555,31139,4,"Tmean8110Ws",4.63152954453279,FALSE,"4.63152954453279",NA,"2022-04-05T19:10:29.284475+00:00","Valid"
"122",178556,31138,4,"Tmean8110Ws",6.18361973930522,FALSE,"6.18361973930522",NA,"2022-04-05T19:10:29.52481+00:00","Valid"
"123",178557,31149,4,"Tmean8110Ws",5.16574961102719,FALSE,"5.16574961102719",NA,"2022-04-05T19:10:29.735457+00:00","Valid"
"124",178558,31150,4,"Tmean8110Ws",5.12219600051519,FALSE,"5.12219600051519",NA,"2022-04-05T19:10:29.969405+00:00","Valid"
"125",178559,31143,4,"Tmean8110Ws",5.93928718510731,FALSE,"5.93928718510731",NA,"2022-04-05T19:10:30.190327+00:00","Valid"
"126",178560,31140,4,"Tmean8110Ws",6.22872780574248,FALSE,"6.22872780574248",NA,"2022-04-05T19:10:30.523979+00:00","Valid"
"127",178561,31145,4,"Tmean8110Ws",6.89592719865618,FALSE,"6.89592719865618",NA,"2022-04-05T19:10:30.747281+00:00","Valid"
"128",178562,31142,4,"Tmean8110Ws",6.81714403721281,FALSE,"6.81714403721281",NA,"2022-04-05T19:10:30.970159+00:00","Valid"
"129",178563,31151,4,"Tmean8110Ws",4.66243138325995,FALSE,"4.66243138325995",NA,"2022-04-05T19:10:31.203858+00:00","Valid"
"130",178565,31198,4,"Tmean8110Ws",7.74772304229582,FALSE,"7.74772304229582",NA,"2022-04-05T19:10:31.644383+00:00","Valid"
"131",178566,31200,4,"Tmean8110Ws",7.7933595286904,FALSE,"7.7933595286904",NA,"2022-04-05T19:10:31.873983+00:00","Valid"
"132",178567,31199,4,"Tmean8110Ws",6.52679591967763,FALSE,"6.52679591967763",NA,"2022-04-05T19:10:32.091552+00:00","Valid"
"133",178568,20515,4,"Tmean8110Ws",4.70731927311795,FALSE,"4.70731927311795",NA,"2022-08-01T20:51:48.087913+00:00","Valid"
"134",178569,20507,4,"Tmean8110Ws",5.07091245156453,FALSE,"5.07091245156453",NA,"2022-08-01T20:51:46.151986+00:00","Valid"
"135",178570,31273,4,"Tmean8110Ws",3.29422902494395,FALSE,"3.29422902494395",NA,"2022-04-05T19:10:32.776457+00:00","Valid"
"136",178571,20511,4,"Tmean8110Ws",1.37335835007789,FALSE,"1.37335835007789",NA,"2022-08-01T20:51:47.233768+00:00","Valid"
"137",178572,31278,4,"Tmean8110Ws",3.425158440505,FALSE,"3.425158440505",NA,"2022-04-05T19:10:33.258336+00:00","Valid"
"138",178573,31279,4,"Tmean8110Ws",2.70502534102045,FALSE,"2.70502534102045",NA,"2022-04-05T19:10:33.522432+00:00","Valid"
"139",178574,31277,4,"Tmean8110Ws",2.30124890640187,FALSE,"2.30124890640187",NA,"2022-04-05T19:10:33.758198+00:00","Valid"
"140",178575,20509,4,"Tmean8110Ws",4.11402080679106,FALSE,"4.11402080679106",NA,"2022-08-01T20:51:46.638884+00:00","Valid"
"141",178576,20508,4,"Tmean8110Ws",4.2457217472025,FALSE,"4.2457217472025",NA,"2022-08-01T20:51:46.42042+00:00","Valid"
"142",178577,31276,4,"Tmean8110Ws",1.75413298885172,FALSE,"1.75413298885172",NA,"2022-04-05T19:10:34.561576+00:00","Valid"
"143",178578,20512,4,"Tmean8110Ws",1.06173227742952,FALSE,"1.06173227742952",NA,"2022-08-01T20:51:47.463724+00:00","Valid"
"144",178579,31272,4,"Tmean8110Ws",2.65211259703833,FALSE,"2.65211259703833",NA,"2022-04-05T19:10:35.096165+00:00","Valid"
"145",178580,20513,4,"Tmean8110Ws",0.532013857153018,FALSE,"0.532013857153018",NA,"2022-08-01T20:51:47.715495+00:00","Valid"
"146",178581,20404,4,"Tmean8110Ws",2.51316205652718,FALSE,"2.51316205652718",NA,"2022-08-01T20:51:26.765917+00:00","Valid"
"147",178582,20505,4,"Tmean8110Ws",1.01269475660807,FALSE,"1.01269475660807",NA,"2022-08-01T20:51:45.70968+00:00","Valid"
"148",178583,31284,4,"Tmean8110Ws",4.20173537000588,FALSE,"4.20173537000588",NA,"2022-04-05T19:10:36.06993+00:00","Valid"
"149",178584,20535,4,"Tmean8110Ws",2.60821871426882,FALSE,"2.60821871426882",NA,"2022-07-20T22:24:56.281452+00:00","Valid"
"150",178585,31274,4,"Tmean8110Ws",1.82010665692687,FALSE,"1.82010665692687",NA,"2022-04-05T19:10:36.583694+00:00","Valid"
"151",178586,20403,4,"Tmean8110Ws",3.25723937619561,FALSE,"3.25723937619561",NA,"2022-08-01T20:51:45.510979+00:00","Valid"
"152",178587,20411,4,"Tmean8110Ws",3.27272157546433,FALSE,"3.27272157546433",NA,"2022-07-20T22:24:53.542059+00:00","Valid"
"153",178588,31281,4,"Tmean8110Ws",3.82481120555587,FALSE,"3.82481120555587",NA,"2022-04-05T19:10:37.453276+00:00","Valid"
"154",178589,31275,4,"Tmean8110Ws",2.75597799375119,FALSE,"2.75597799375119",NA,"2022-04-05T19:10:37.700455+00:00","Valid"
"155",178590,31283,4,"Tmean8110Ws",4.88916841981972,FALSE,"4.88916841981972",NA,"2022-04-05T19:10:37.93506+00:00","Valid"
"156",178591,31282,4,"Tmean8110Ws",2.20003720635553,FALSE,"2.20003720635553",NA,"2022-04-05T19:10:38.152833+00:00","Valid"
"157",178592,31280,4,"Tmean8110Ws",2.12989839431894,FALSE,"2.12989839431894",NA,"2022-04-05T19:10:38.411783+00:00","Valid"
"158",178593,20516,4,"Tmean8110Ws",4.76462962307649,FALSE,"4.76462962307649",NA,"2022-08-01T20:51:48.275828+00:00","Valid"
"159",178594,20416,4,"Tmean8110Ws",1.81361982195793,FALSE,"1.81361982195793",NA,"2022-07-20T22:24:54.728234+00:00","Valid"
"160",178595,31298,4,"Tmean8110Ws",4.54763193690155,FALSE,"4.54763193690155",NA,"2022-04-05T19:10:39.068914+00:00","Valid"
"161",178596,31296,4,"Tmean8110Ws",4.15370850707824,FALSE,"4.15370850707824",NA,"2022-04-05T19:10:39.278086+00:00","Valid"
"162",178597,31295,4,"Tmean8110Ws",6.92122624070307,FALSE,"6.92122624070307",NA,"2022-04-05T19:10:39.489142+00:00","Valid"
"163",178598,31293,4,"Tmean8110Ws",7.5214110029359,FALSE,"7.5214110029359",NA,"2022-04-05T19:10:39.784224+00:00","Valid"
"164",178599,31294,4,"Tmean8110Ws",8.69674706245293,FALSE,"8.69674706245293",NA,"2022-04-05T19:10:39.992963+00:00","Valid"
"165",178600,31303,4,"Tmean8110Ws",7.06065031523918,FALSE,"7.06065031523918",NA,"2022-04-05T19:10:40.217669+00:00","Valid"
"166",178601,31300,4,"Tmean8110Ws",5.02884366683126,FALSE,"5.02884366683126",NA,"2022-04-05T19:10:40.454325+00:00","Valid"
"167",178602,31302,4,"Tmean8110Ws",4.60574995605343,FALSE,"4.60574995605343",NA,"2022-04-05T19:10:40.701582+00:00","Valid"
"168",178603,31306,4,"Tmean8110Ws",4.52579697068063,FALSE,"4.52579697068063",NA,"2022-04-05T19:10:40.983717+00:00","Valid"
"169",178604,31304,4,"Tmean8110Ws",3.80807191288806,FALSE,"3.80807191288806",NA,"2022-04-05T19:10:41.207671+00:00","Valid"
"170",178605,31299,4,"Tmean8110Ws",3.3304243554166,FALSE,"3.3304243554166",NA,"2022-04-05T19:10:41.490824+00:00","Valid"
"171",178606,31301,4,"Tmean8110Ws",4.21183575290536,FALSE,"4.21183575290536",NA,"2022-04-05T19:10:41.75724+00:00","Valid"
"172",178607,31307,4,"Tmean8110Ws",4.69591252215143,FALSE,"4.69591252215143",NA,"2022-04-05T19:10:41.972306+00:00","Valid"
"173",178608,31297,4,"Tmean8110Ws",5.50539359146881,FALSE,"5.50539359146881",NA,"2022-04-05T19:10:42.192804+00:00","Valid"
"174",178609,12571,4,"Tmean8110Ws",6.29418618680979,FALSE,"6.29418618680979",NA,"2022-08-01T16:15:32.636441+00:00","Valid"
"175",178610,30612,4,"Tmean8110Ws",8.59151484829669,FALSE,"8.59151484829669",NA,"2022-08-01T16:15:50.572403+00:00","Valid"
"176",178611,30634,4,"Tmean8110Ws",7.39006130726477,FALSE,"7.39006130726477",NA,"2022-08-01T16:15:26.828184+00:00","Valid"
"177",178612,12608,4,"Tmean8110Ws",3.53694022483894,FALSE,"3.53694022483894",NA,"2022-08-01T16:16:06.962143+00:00","Valid"
"178",178613,12606,4,"Tmean8110Ws",3.10892282692896,FALSE,"3.10892282692896",NA,"2022-08-01T20:54:07.902356+00:00","Valid"
"179",178614,12575,4,"Tmean8110Ws",3.63415527489166,FALSE,"3.63415527489166",NA,"2022-08-01T16:16:32.54994+00:00","Valid"
"180",178615,12599,4,"Tmean8110Ws",2.50467965136946,FALSE,"2.50467965136946",NA,"2022-08-01T16:15:38.543532+00:00","Valid"
"181",178616,12605,4,"Tmean8110Ws",5.16690946174608,FALSE,"5.16690946174608",NA,"2022-08-01T16:16:05.48446+00:00","Valid"
"182",178617,30614,4,"Tmean8110Ws",5.12573930936496,FALSE,"5.12573930936496",NA,"2022-08-01T16:16:26.496032+00:00","Valid"
"183",178677,30606,4,"Tmean8110Ws",6.56948413778837,FALSE,"6.56948413778837",NA,"2022-08-01T16:15:26.615721+00:00","Valid"
"184",178678,31040,4,"Tmean8110Ws",6.29394183644069,FALSE,"6.29394183644069",NA,"2022-04-05T19:10:45.043797+00:00","Valid"
"185",184854,11061,4,"Tmean8110Ws",3.92769614394297,FALSE,"3.92769614394297",NA,"2022-04-05T19:10:45.338987+00:00","Valid"
"186",184855,11083,4,"Tmean8110Ws",5.3830147315967,FALSE,"5.3830147315967",NA,"2022-04-05T19:10:45.663892+00:00","Valid"
"187",184999,33520,4,"Tmean8110Ws",4.16369798638162,FALSE,"4.16369798638162",NA,"2022-04-05T19:10:45.884826+00:00","Valid"
"188",185050,20514,4,"Tmean8110Ws",1.39665718546256,FALSE,"1.39665718546256",NA,"2022-08-01T20:51:47.903231+00:00","Valid"
"189",185051,20532,4,"Tmean8110Ws",4.50415158787987,FALSE,"4.50415158787987",NA,"2022-07-20T22:24:55.327054+00:00","Valid"
"190",185070,30648,4,"Tmean8110Ws",7.04452835534788,FALSE,"7.04452835534788",NA,"2022-08-01T16:16:17.667977+00:00","Valid"
"191",185703,19136,4,"Tmean8110Ws",4.05970848915574,FALSE,"4.05970848915574",NA,"2022-07-20T22:26:58.611739+00:00","Valid"
"192",185704,33724,4,"Tmean8110Ws",2.27110468922915,FALSE,"2.27110468922915",NA,"2022-04-05T19:10:47.441493+00:00","Valid"
"193",178531,31010,135,"TMAX_PT",278,FALSE,"278",NA,"2022-04-05T19:10:47.643575+00:00","Valid"
"194",178532,31009,135,"TMAX_PT",291,FALSE,"291",NA,"2022-04-05T19:10:47.863979+00:00","Valid"
"195",178533,31011,135,"TMAX_PT",287,FALSE,"287",NA,"2022-04-05T19:10:48.138152+00:00","Valid"
"196",178534,31045,135,"TMAX_PT",299,FALSE,"299",NA,"2022-04-05T19:10:48.437129+00:00","Valid"
"197",178535,31047,135,"TMAX_PT",278,FALSE,"278",NA,"2022-04-05T19:10:48.689249+00:00","Valid"
"198",178536,31042,135,"TMAX_PT",302,FALSE,"302",NA,"2022-04-05T19:10:48.911732+00:00","Valid"
"199",178537,31050,135,"TMAX_PT",302,FALSE,"302",NA,"2022-04-05T19:10:49.168494+00:00","Valid"
"200",178538,31041,135,"TMAX_PT",289,FALSE,"289",NA,"2022-04-05T19:10:49.438374+00:00","Valid"
"201",178539,31049,135,"TMAX_PT",268,FALSE,"268",NA,"2022-04-05T19:10:49.685768+00:00","Valid"
"202",178540,31046,135,"TMAX_PT",311,FALSE,"311",NA,"2022-04-05T19:10:49.897686+00:00","Valid"
"203",178541,31048,135,"TMAX_PT",291,FALSE,"291",NA,"2022-04-05T19:10:50.13976+00:00","Valid"
"204",178542,31043,135,"TMAX_PT",285,FALSE,"285",NA,"2022-04-05T19:10:50.363976+00:00","Valid"
"205",178543,31052,135,"TMAX_PT",271,FALSE,"271",NA,"2022-04-05T19:10:50.624+00:00","Valid"
"206",178544,31044,135,"TMAX_PT",302,FALSE,"302",NA,"2022-04-05T19:10:50.87852+00:00","Valid"
"207",178545,31051,135,"TMAX_PT",253,FALSE,"253",NA,"2022-04-05T19:10:51.138415+00:00","Valid"
"208",178546,31053,135,"TMAX_PT",276,FALSE,"276",NA,"2022-04-05T19:10:51.355271+00:00","Valid"
"209",178547,31054,135,"TMAX_PT",308,FALSE,"308",NA,"2022-04-05T19:10:51.584244+00:00","Valid"
"210",178548,31055,135,"TMAX_PT",298,FALSE,"298",NA,"2022-04-05T19:10:51.819389+00:00","Valid"
"211",178549,31148,135,"TMAX_PT",281,FALSE,"281",NA,"2022-04-05T19:10:52.023378+00:00","Valid"
"212",178550,31146,135,"TMAX_PT",315,FALSE,"315",NA,"2022-04-05T19:10:52.231863+00:00","Valid"
"213",178551,31147,135,"TMAX_PT",293,FALSE,"293",NA,"2022-04-05T19:10:52.450002+00:00","Valid"
"214",178552,11086,135,"TMAX_PT",251,FALSE,"251",NA,"2022-04-05T19:10:52.674071+00:00","Valid"
"215",178553,31141,135,"TMAX_PT",310,FALSE,"310",NA,"2022-04-05T19:10:52.891345+00:00","Valid"
"216",178554,31144,135,"TMAX_PT",313,FALSE,"313",NA,"2022-04-05T19:10:53.133467+00:00","Valid"
"217",178555,31139,135,"TMAX_PT",290,FALSE,"290",NA,"2022-04-05T19:10:53.395888+00:00","Valid"
"218",178556,31138,135,"TMAX_PT",306,FALSE,"306",NA,"2022-04-05T19:10:53.611038+00:00","Valid"
"219",178557,31149,135,"TMAX_PT",258,FALSE,"258",NA,"2022-04-05T19:10:54.014374+00:00","Valid"
"220",178558,31150,135,"TMAX_PT",253,FALSE,"253",NA,"2022-04-05T19:10:54.246769+00:00","Valid"
"221",178559,31143,135,"TMAX_PT",308,FALSE,"308",NA,"2022-04-05T19:10:54.464664+00:00","Valid"
"222",178560,31140,135,"TMAX_PT",310,FALSE,"310",NA,"2022-04-05T19:10:54.676308+00:00","Valid"
"223",178561,31145,135,"TMAX_PT",321,FALSE,"321",NA,"2022-04-05T19:10:54.907836+00:00","Valid"
"224",178562,31142,135,"TMAX_PT",321,FALSE,"321",NA,"2022-04-05T19:10:55.157679+00:00","Valid"
"225",178563,31151,135,"TMAX_PT",293,FALSE,"293",NA,"2022-04-05T19:10:55.37436+00:00","Valid"
"226",178565,31198,135,"TMAX_PT",287,FALSE,"287",NA,"2022-04-05T19:10:55.92509+00:00","Valid"
"227",178566,31200,135,"TMAX_PT",291,FALSE,"291",NA,"2022-04-05T19:10:56.133748+00:00","Valid"
"228",178567,31199,135,"TMAX_PT",283,FALSE,"283",NA,"2022-04-05T19:10:56.332221+00:00","Valid"
"229",178568,20515,135,"TMAX_PT",284,FALSE,"284",NA,"2022-04-05T19:10:56.550539+00:00","Valid"
"230",178569,20507,135,"TMAX_PT",290,FALSE,"290",NA,"2022-04-05T19:10:56.767787+00:00","Valid"
"231",178570,31273,135,"TMAX_PT",244,FALSE,"244",NA,"2022-04-05T19:10:56.991141+00:00","Valid"
"232",178571,20511,135,"TMAX_PT",259,FALSE,"259",NA,"2022-04-05T19:10:57.275222+00:00","Valid"
"233",178572,31278,135,"TMAX_PT",274,FALSE,"274",NA,"2022-04-05T19:10:57.489675+00:00","Valid"
"234",178573,31279,135,"TMAX_PT",255,FALSE,"255",NA,"2022-04-05T19:10:57.71338+00:00","Valid"
"235",178574,31277,135,"TMAX_PT",223,FALSE,"223",NA,"2022-04-05T19:10:57.923913+00:00","Valid"
"236",178575,20509,135,"TMAX_PT",236,FALSE,"236",NA,"2022-04-05T19:10:58.153739+00:00","Valid"
"237",178576,20508,135,"TMAX_PT",284,FALSE,"284",NA,"2022-04-05T19:10:58.388504+00:00","Valid"
"238",178577,31276,135,"TMAX_PT",237,FALSE,"237",NA,"2022-04-05T19:10:58.585475+00:00","Valid"
"239",178578,20512,135,"TMAX_PT",204,FALSE,"204",NA,"2022-04-05T19:10:58.802357+00:00","Valid"
"240",178579,31272,135,"TMAX_PT",258,FALSE,"258",NA,"2022-04-05T19:10:59.028911+00:00","Valid"
"241",178580,20513,135,"TMAX_PT",206,FALSE,"206",NA,"2022-04-05T19:10:59.597923+00:00","Valid"
"242",178581,20404,135,"TMAX_PT",271,FALSE,"271",NA,"2022-04-05T19:10:59.826922+00:00","Valid"
"243",178582,20505,135,"TMAX_PT",217,FALSE,"217",NA,"2022-04-05T19:11:00.193542+00:00","Valid"
"244",178583,31284,135,"TMAX_PT",281,FALSE,"281",NA,"2022-04-05T19:11:00.412065+00:00","Valid"
"245",178584,20535,135,"TMAX_PT",250,FALSE,"250",NA,"2022-04-05T19:11:00.630047+00:00","Valid"
"246",178585,31274,135,"TMAX_PT",251,FALSE,"251",NA,"2022-04-05T19:11:00.858755+00:00","Valid"
"247",178586,20403,135,"TMAX_PT",292,FALSE,"292",NA,"2022-04-05T19:11:01.133749+00:00","Valid"
"248",178587,20411,135,"TMAX_PT",270,FALSE,"270",NA,"2022-04-05T19:11:01.357574+00:00","Valid"
"249",178588,31281,135,"TMAX_PT",251,FALSE,"251",NA,"2022-04-05T19:11:01.580868+00:00","Valid"
"250",178589,31275,135,"TMAX_PT",275,FALSE,"275",NA,"2022-04-05T19:11:01.859631+00:00","Valid"
"251",178590,31283,135,"TMAX_PT",282,FALSE,"282",NA,"2022-04-05T19:11:02.105274+00:00","Valid"
"252",178591,31282,135,"TMAX_PT",268,FALSE,"268",NA,"2022-04-05T19:11:02.330717+00:00","Valid"
"253",178592,31280,135,"TMAX_PT",239,FALSE,"239",NA,"2022-04-05T19:11:02.560283+00:00","Valid"
"254",178593,20516,135,"TMAX_PT",299,FALSE,"299",NA,"2022-04-05T19:11:02.768631+00:00","Valid"
"255",178594,20416,135,"TMAX_PT",276,FALSE,"276",NA,"2022-04-05T19:11:02.993585+00:00","Valid"
"256",178595,31298,135,"TMAX_PT",267,FALSE,"267",NA,"2022-04-05T19:11:03.241834+00:00","Valid"
"257",178596,31296,135,"TMAX_PT",281,FALSE,"281",NA,"2022-04-05T19:11:03.466616+00:00","Valid"
"258",178597,31295,135,"TMAX_PT",290,FALSE,"290",NA,"2022-04-05T19:11:03.715298+00:00","Valid"
"259",178598,31293,135,"TMAX_PT",321,FALSE,"321",NA,"2022-04-05T19:11:03.935839+00:00","Valid"
"260",178599,31294,135,"TMAX_PT",340,FALSE,"340",NA,"2022-04-05T19:11:04.171139+00:00","Valid"
"261",178600,31303,135,"TMAX_PT",293,FALSE,"293",NA,"2022-04-05T19:11:04.410203+00:00","Valid"
"262",178601,31300,135,"TMAX_PT",270,FALSE,"270",NA,"2022-04-05T19:11:04.725154+00:00","Valid"
"263",178602,31302,135,"TMAX_PT",253,FALSE,"253",NA,"2022-04-05T19:11:05.004162+00:00","Valid"
"264",178603,31306,135,"TMAX_PT",272,FALSE,"272",NA,"2022-04-05T19:11:05.263115+00:00","Valid"
"265",178604,31304,135,"TMAX_PT",263,FALSE,"263",NA,"2022-04-05T19:11:05.472083+00:00","Valid"
"266",178605,31299,135,"TMAX_PT",243,FALSE,"243",NA,"2022-04-05T19:11:05.690272+00:00","Valid"
"267",178606,31301,135,"TMAX_PT",254,FALSE,"254",NA,"2022-04-05T19:11:05.909582+00:00","Valid"
"268",178607,31307,135,"TMAX_PT",263,FALSE,"263",NA,"2022-04-05T19:11:06.145972+00:00","Valid"
"269",178608,31297,135,"TMAX_PT",308,FALSE,"308",NA,"2022-04-05T19:11:06.3679+00:00","Valid"
"270",178609,12571,135,"TMAX_PT",298,FALSE,"298",NA,"2022-04-05T19:11:06.655263+00:00","Valid"
"271",178610,30612,135,"TMAX_PT",316,FALSE,"316",NA,"2022-04-05T19:11:06.892016+00:00","Valid"
"272",178611,30634,135,"TMAX_PT",278,FALSE,"278",NA,"2022-04-05T19:11:07.125505+00:00","Valid"
"273",178612,12608,135,"TMAX_PT",273,FALSE,"273",NA,"2022-04-05T19:11:07.368442+00:00","Valid"
"274",178613,12606,135,"TMAX_PT",255,FALSE,"255",NA,"2021-11-17T04:18:48.264249+00:00","Valid"
"275",178614,12575,135,"TMAX_PT",272,FALSE,"272",NA,"2022-04-05T19:11:07.580999+00:00","Valid"
"276",178615,12599,135,"TMAX_PT",268,FALSE,"268",NA,"2022-04-05T19:11:07.787773+00:00","Valid"
"277",178616,12605,135,"TMAX_PT",251,FALSE,"251",NA,"2022-04-05T19:11:08.012815+00:00","Valid"
"278",178617,30614,135,"TMAX_PT",276,FALSE,"276",NA,"2022-04-05T19:11:08.228869+00:00","Valid"
"279",178677,30606,135,"TMAX_PT",303,FALSE,"303",NA,"2022-04-05T19:11:08.450842+00:00","Valid"
"280",178678,31040,135,"TMAX_PT",296,FALSE,"296",NA,"2022-04-05T19:11:08.74646+00:00","Valid"
"281",184854,11061,135,"TMAX_PT",278,FALSE,"278",NA,"2022-04-05T19:11:08.978576+00:00","Valid"
"282",184855,11083,135,"TMAX_PT",266,FALSE,"266",NA,"2022-04-05T19:11:09.257769+00:00","Valid"
"283",184999,33520,135,"TMAX_PT",281,FALSE,"281",NA,"2022-04-05T19:11:09.466956+00:00","Valid"
"284",185050,20514,135,"TMAX_PT",211,FALSE,"211",NA,"2022-04-05T19:11:09.917332+00:00","Valid"
"285",185051,20532,135,"TMAX_PT",279,FALSE,"279",NA,"2022-04-05T19:11:10.135956+00:00","Valid"
"286",185070,30648,135,"TMAX_PT",271,FALSE,"271",NA,"2022-04-05T19:11:10.365136+00:00","Valid"
"287",185703,19136,135,"TMAX_PT",265,FALSE,"265",NA,"2022-04-05T19:11:10.586733+00:00","Valid"
"288",185704,33724,135,"TMAX_PT",209,FALSE,"209",NA,"2022-04-05T19:11:10.817167+00:00","Valid"
"289",185781,34147,135,"TMAX_PT",256,FALSE,NA,NA,NA,"Missing"
"290",185782,34148,135,"TMAX_PT",245,FALSE,NA,NA,NA,"Missing"
"291",178531,31010,136,"LOG_LT_PPT_PT",3.55788914922852,FALSE,"3.55788914922852",NA,"2022-04-05T19:11:11.027403+00:00","Valid"
"292",178532,31009,136,"LOG_LT_PPT_PT",3.37456183821917,FALSE,"3.37456183821917",NA,"2022-04-05T19:11:11.251532+00:00","Valid"
"293",178533,31011,136,"LOG_LT_PPT_PT",3.47646235084471,FALSE,"3.47646235084471",NA,"2022-04-05T19:11:11.456272+00:00","Valid"
"294",178534,31045,136,"LOG_LT_PPT_PT",3.39542989227489,FALSE,"3.39542989227489",NA,"2022-04-05T19:11:11.742831+00:00","Valid"
"295",178535,31047,136,"LOG_LT_PPT_PT",3.53570064184403,FALSE,"3.53570064184403",NA,"2022-04-05T19:11:11.970787+00:00","Valid"
"296",178536,31042,136,"LOG_LT_PPT_PT",3.39851583036527,FALSE,"3.39851583036527",NA,"2022-04-05T19:11:12.19621+00:00","Valid"
"297",178537,31050,136,"LOG_LT_PPT_PT",3.43047200991764,FALSE,"3.43047200991764",NA,"2022-04-05T19:11:12.564744+00:00","Valid"
"298",178538,31041,136,"LOG_LT_PPT_PT",3.51158445231233,FALSE,"3.51158445231233",NA,"2022-04-05T19:11:12.859126+00:00","Valid"
"299",178539,31049,136,"LOG_LT_PPT_PT",3.62575518492471,FALSE,"3.62575518492471",NA,"2022-04-05T19:11:13.164111+00:00","Valid"
"300",178540,31046,136,"LOG_LT_PPT_PT",3.33243362694231,FALSE,"3.33243362694231",NA,"2022-04-05T19:11:13.37891+00:00","Valid"
"301",178541,31048,136,"LOG_LT_PPT_PT",3.43159205903593,FALSE,"3.43159205903593",NA,"2022-04-05T19:11:13.664537+00:00","Valid"
"302",178542,31043,136,"LOG_LT_PPT_PT",3.46208001410738,FALSE,"3.46208001410738",NA,"2022-04-05T19:11:13.922344+00:00","Valid"
"303",178543,31052,136,"LOG_LT_PPT_PT",3.60418635636133,FALSE,"3.60418635636133",NA,"2022-04-05T19:11:14.131177+00:00","Valid"
"304",178544,31044,136,"LOG_LT_PPT_PT",3.43047200991764,FALSE,"3.43047200991764",NA,"2022-04-05T19:11:14.356455+00:00","Valid"
"305",178545,31051,136,"LOG_LT_PPT_PT",3.68132940914819,FALSE,"3.68132940914819",NA,"2022-04-05T19:11:14.570834+00:00","Valid"
"306",178546,31053,136,"LOG_LT_PPT_PT",3.71423587920212,FALSE,"3.71423587920212",NA,"2022-04-05T19:11:14.818081+00:00","Valid"
"307",178547,31054,136,"LOG_LT_PPT_PT",3.39495135385925,FALSE,"3.39495135385925",NA,"2022-04-05T19:11:15.030848+00:00","Valid"
"308",178548,31055,136,"LOG_LT_PPT_PT",3.40177661229577,FALSE,"3.40177661229577",NA,"2022-04-05T19:11:15.250039+00:00","Valid"
"309",178549,31148,136,"LOG_LT_PPT_PT",3.48751753099438,FALSE,"3.48751753099438",NA,"2022-04-05T19:11:15.474691+00:00","Valid"
"310",178550,31146,136,"LOG_LT_PPT_PT",3.34046318994492,FALSE,"3.34046318994492",NA,"2022-04-05T19:11:15.692891+00:00","Valid"
"311",178551,31147,136,"LOG_LT_PPT_PT",3.41757353390519,FALSE,"3.41757353390519",NA,"2022-04-05T19:11:15.94389+00:00","Valid"
"312",178552,11086,136,"LOG_LT_PPT_PT",3.66499209704329,FALSE,"3.66499209704329",NA,"2022-04-05T19:11:16.174979+00:00","Valid"
"313",178553,31141,136,"LOG_LT_PPT_PT",3.32890803264809,FALSE,"3.32890803264809",NA,"2022-04-05T19:11:16.387389+00:00","Valid"
"314",178554,31144,136,"LOG_LT_PPT_PT",3.3416571524042,FALSE,"3.3416571524042",NA,"2022-04-05T19:11:16.690827+00:00","Valid"
"315",178555,31139,136,"LOG_LT_PPT_PT",3.41746070498053,FALSE,"3.41746070498053",NA,"2022-04-05T19:11:16.93733+00:00","Valid"
"316",178556,31138,136,"LOG_LT_PPT_PT",3.36754782283261,FALSE,"3.36754782283261",NA,"2022-04-05T19:11:17.215794+00:00","Valid"
"317",178557,31149,136,"LOG_LT_PPT_PT",3.51474280855997,FALSE,"3.51474280855997",NA,"2022-04-05T19:11:17.490717+00:00","Valid"
"318",178558,31150,136,"LOG_LT_PPT_PT",3.61637344745172,FALSE,"3.61637344745172",NA,"2022-04-05T19:11:17.792712+00:00","Valid"
"319",178559,31143,136,"LOG_LT_PPT_PT",3.30349207262375,FALSE,"3.30349207262375",NA,"2022-04-05T19:11:18.112546+00:00","Valid"
"320",178560,31140,136,"LOG_LT_PPT_PT",3.28965227680442,FALSE,"3.28965227680442",NA,"2022-04-05T19:11:18.369198+00:00","Valid"
"321",178561,31145,136,"LOG_LT_PPT_PT",3.27823592718957,FALSE,"3.27823592718957",NA,"2022-04-05T19:11:18.588649+00:00","Valid"
"322",178562,31142,136,"LOG_LT_PPT_PT",3.31057710568587,FALSE,"3.31057710568587",NA,"2022-04-05T19:11:18.892865+00:00","Valid"
"323",178563,31151,136,"LOG_LT_PPT_PT",3.39652612535688,FALSE,"3.39652612535688",NA,"2022-04-05T19:11:19.132566+00:00","Valid"
"324",178565,31198,136,"LOG_LT_PPT_PT",3.59290581936286,FALSE,"3.59290581936286",NA,"2022-04-05T19:11:19.58874+00:00","Valid"
"325",178566,31200,136,"LOG_LT_PPT_PT",3.59290581936286,FALSE,"3.59290581936286",NA,"2022-04-05T19:11:19.907015+00:00","Valid"
"326",178567,31199,136,"LOG_LT_PPT_PT",3.65725600055313,FALSE,"3.65725600055313",NA,"2022-04-05T19:11:20.188461+00:00","Valid"
"327",178568,20515,136,"LOG_LT_PPT_PT",3.50390703338589,FALSE,"3.50390703338589",NA,"2022-04-05T19:11:20.391773+00:00","Valid"
"328",178569,20507,136,"LOG_LT_PPT_PT",3.45613281810373,FALSE,"3.45613281810373",NA,"2022-04-05T19:11:20.686647+00:00","Valid"
"329",178570,31273,136,"LOG_LT_PPT_PT",3.68584757973721,FALSE,"3.68584757973721",NA,"2022-04-05T19:11:20.9313+00:00","Valid"
"330",178571,20511,136,"LOG_LT_PPT_PT",3.38916958979652,FALSE,"3.38916958979652",NA,"2022-04-05T19:11:21.198142+00:00","Valid"
"331",178572,31278,136,"LOG_LT_PPT_PT",3.46277628324468,FALSE,"3.46277628324468",NA,"2022-04-05T19:11:21.476077+00:00","Valid"
"332",178573,31279,136,"LOG_LT_PPT_PT",3.5893650132032,FALSE,"3.5893650132032",NA,"2022-04-05T19:11:21.688703+00:00","Valid"
"333",178574,31277,136,"LOG_LT_PPT_PT",3.67090169479924,FALSE,"3.67090169479924",NA,"2022-04-05T19:11:21.896948+00:00","Valid"
"334",178575,20509,136,"LOG_LT_PPT_PT",3.55514025420292,FALSE,"3.55514025420292",NA,"2022-04-05T19:11:22.10553+00:00","Valid"
"335",178576,20508,136,"LOG_LT_PPT_PT",3.34031574761353,FALSE,"3.34031574761353",NA,"2022-04-05T19:11:22.37012+00:00","Valid"
"336",178577,31276,136,"LOG_LT_PPT_PT",3.66010288221666,FALSE,"3.66010288221666",NA,"2022-04-05T19:11:22.58561+00:00","Valid"
"337",178578,20512,136,"LOG_LT_PPT_PT",3.77268742413192,FALSE,"3.77268742413192",NA,"2022-04-05T19:11:22.848145+00:00","Valid"
"338",178579,31272,136,"LOG_LT_PPT_PT",3.3953151713519,FALSE,"3.3953151713519",NA,"2022-04-05T19:11:23.136109+00:00","Valid"
"339",178580,20513,136,"LOG_LT_PPT_PT",3.69840361033952,FALSE,"3.69840361033952",NA,"2022-04-05T19:11:23.358577+00:00","Valid"
"340",178581,20404,136,"LOG_LT_PPT_PT",3.40510538293694,FALSE,"3.40510538293694",NA,"2022-04-05T19:11:23.600965+00:00","Valid"
"341",178582,20505,136,"LOG_LT_PPT_PT",3.61160593445866,FALSE,"3.61160593445866",NA,"2022-04-05T19:11:23.840685+00:00","Valid"
"342",178583,31284,136,"LOG_LT_PPT_PT",3.55769469458412,FALSE,"3.55769469458412",NA,"2022-04-05T19:11:24.065141+00:00","Valid"
"343",178584,20535,136,"LOG_LT_PPT_PT",3.42529479341515,FALSE,"3.42529479341515",NA,"2022-04-05T19:11:24.270631+00:00","Valid"
"344",178585,31274,136,"LOG_LT_PPT_PT",3.55484288929972,FALSE,"3.55484288929972",NA,"2022-04-05T19:11:24.480999+00:00","Valid"
"345",178586,20403,136,"LOG_LT_PPT_PT",3.51378432227611,FALSE,"3.51378432227611",NA,"2022-04-05T19:11:24.764148+00:00","Valid"
"346",178587,20411,136,"LOG_LT_PPT_PT",3.52892495037906,FALSE,"3.52892495037906",NA,"2022-04-05T19:11:25.073556+00:00","Valid"
"347",178588,31281,136,"LOG_LT_PPT_PT",3.6744283360969,FALSE,"3.6744283360969",NA,"2022-04-05T19:11:25.308956+00:00","Valid"
"348",178589,31275,136,"LOG_LT_PPT_PT",3.29453618885293,FALSE,"3.29453618885293",NA,"2022-04-05T19:11:25.549063+00:00","Valid"
"349",178590,31283,136,"LOG_LT_PPT_PT",3.42069719674968,FALSE,"3.42069719674968",NA,"2022-04-05T19:11:25.795734+00:00","Valid"
"350",178591,31282,136,"LOG_LT_PPT_PT",3.56075983040779,FALSE,"3.56075983040779",NA,"2022-04-05T19:11:26.09512+00:00","Valid"
"351",178592,31280,136,"LOG_LT_PPT_PT",3.66467428793157,FALSE,"3.66467428793157",NA,"2022-04-05T19:11:26.349032+00:00","Valid"
"352",178593,20516,136,"LOG_LT_PPT_PT",3.43650875373472,FALSE,"3.43650875373472",NA,"2022-04-05T19:11:26.551214+00:00","Valid"
"353",178594,20416,136,"LOG_LT_PPT_PT",3.287838237325,FALSE,"3.287838237325",NA,"2022-04-05T19:11:26.785572+00:00","Valid"
"354",178595,31298,136,"LOG_LT_PPT_PT",3.6687905947675,FALSE,"3.6687905947675",NA,"2022-04-05T19:11:27.004316+00:00","Valid"
"355",178596,31296,136,"LOG_LT_PPT_PT",3.41968781179227,FALSE,"3.41968781179227",NA,"2022-04-05T19:11:27.218569+00:00","Valid"
"356",178597,31295,136,"LOG_LT_PPT_PT",3.50272060089302,FALSE,"3.50272060089302",NA,"2022-04-05T19:11:27.42835+00:00","Valid"
"357",178598,31293,136,"LOG_LT_PPT_PT",3.38811872809337,FALSE,"3.38811872809337",NA,"2022-04-05T19:11:27.67063+00:00","Valid"
"358",178599,31294,136,"LOG_LT_PPT_PT",3.33829007412831,FALSE,"3.33829007412831",NA,"2022-04-05T19:11:27.890007+00:00","Valid"
"359",178600,31303,136,"LOG_LT_PPT_PT",3.52535407980164,FALSE,"3.52535407980164",NA,"2022-04-05T19:11:28.137616+00:00","Valid"
"360",178601,31300,136,"LOG_LT_PPT_PT",3.70504388638677,FALSE,"3.70504388638677",NA,"2022-04-05T19:11:28.378348+00:00","Valid"
"361",178602,31302,136,"LOG_LT_PPT_PT",3.62926262710513,FALSE,"3.62926262710513",NA,"2022-04-05T19:11:28.584226+00:00","Valid"
"362",178603,31306,136,"LOG_LT_PPT_PT",3.64186764321498,FALSE,"3.64186764321498",NA,"2022-04-05T19:11:28.832696+00:00","Valid"
"363",178604,31304,136,"LOG_LT_PPT_PT",3.50648197628181,FALSE,"3.50648197628181",NA,"2022-04-05T19:11:29.054489+00:00","Valid"
"364",178605,31299,136,"LOG_LT_PPT_PT",3.65361222376494,FALSE,"3.65361222376494",NA,"2022-04-05T19:11:29.275925+00:00","Valid"
"365",178606,31301,136,"LOG_LT_PPT_PT",3.64139610687832,FALSE,"3.64139610687832",NA,"2022-04-05T19:11:29.487539+00:00","Valid"
"366",178607,31307,136,"LOG_LT_PPT_PT",3.69436308562703,FALSE,"3.69436308562703",NA,"2022-04-05T19:11:30.09397+00:00","Valid"
"367",178608,31297,136,"LOG_LT_PPT_PT",3.39436723425802,FALSE,"3.39436723425802",NA,"2022-04-05T19:11:30.335907+00:00","Valid"
"368",178609,12571,136,"LOG_LT_PPT_PT",3.75593716644836,FALSE,"3.75593716644836",NA,"2022-04-05T19:11:30.558894+00:00","Valid"
"369",178610,30612,136,"LOG_LT_PPT_PT",3.62713523246827,FALSE,"3.62713523246827",NA,"2022-04-05T19:11:30.769262+00:00","Valid"
"370",178611,30634,136,"LOG_LT_PPT_PT",3.60456310479496,FALSE,"3.60456310479496",NA,"2022-04-05T19:11:31.006023+00:00","Valid"
"371",178612,12608,136,"LOG_LT_PPT_PT",3.61054211190393,FALSE,"3.61054211190393",NA,"2022-04-05T19:11:31.299759+00:00","Valid"
"372",178613,12606,136,"LOG_LT_PPT_PT",3.44614730929298,FALSE,"3.4461501",NA,"2021-11-17T04:18:48.264249+00:00","Valid"
"373",178614,12575,136,"LOG_LT_PPT_PT",3.5362256801868,FALSE,"3.5362256801868",NA,"2022-04-05T19:11:31.518023+00:00","Valid"
"374",178615,12599,136,"LOG_LT_PPT_PT",3.60012284969476,FALSE,"3.60012284969476",NA,"2022-04-05T19:11:31.768557+00:00","Valid"
"375",178616,12605,136,"LOG_LT_PPT_PT",3.92732067950412,FALSE,"3.92732067950412",NA,"2022-04-05T19:11:31.998857+00:00","Valid"
"376",178617,30614,136,"LOG_LT_PPT_PT",3.4995141807911,FALSE,"3.4995141807911",NA,"2022-04-05T19:11:32.232268+00:00","Valid"
"377",178677,30606,136,"LOG_LT_PPT_PT",3.39078642565292,FALSE,"3.39078642565292",NA,"2022-04-05T19:11:32.476199+00:00","Valid"
"378",178678,31040,136,"LOG_LT_PPT_PT",3.47456712075558,FALSE,"3.47456712075558",NA,"2022-04-05T19:11:32.739379+00:00","Valid"
"379",184854,11061,136,"LOG_LT_PPT_PT",3.51293851773877,FALSE,"3.51293851773877",NA,"2022-04-05T19:11:33.030878+00:00","Valid"
"380",184855,11083,136,"LOG_LT_PPT_PT",3.5561370641363,FALSE,"3.5561370641363",NA,"2022-04-05T19:11:33.329701+00:00","Valid"
"381",184999,33520,136,"LOG_LT_PPT_PT",3.41968781179227,FALSE,"3.41968781179227",NA,"2022-04-05T19:11:33.561578+00:00","Valid"
"382",185050,20514,136,"LOG_LT_PPT_PT",3.57364959384853,FALSE,"3.57364959384853",NA,"2022-04-05T19:11:34.118678+00:00","Valid"
"383",185051,20532,136,"LOG_LT_PPT_PT",3.54216694104834,FALSE,"3.54216694104834",NA,"2022-04-05T19:11:34.397669+00:00","Valid"
"384",185070,30648,136,"LOG_LT_PPT_PT",3.49542030325492,FALSE,"3.49542030325492",NA,"2022-04-05T19:11:34.639684+00:00","Valid"
"385",185703,19136,136,"LOG_LT_PPT_PT",3.64735192449956,FALSE,"3.64735192449956",NA,"2022-04-05T19:11:34.853421+00:00","Valid"
"386",185704,33724,136,"LOG_LT_PPT_PT",3.67425215724706,FALSE,"3.67425215724706",NA,"2022-04-05T19:11:35.068303+00:00","Valid"
"387",185781,34147,136,"LOG_LT_PPT_PT",3.6744283360969,FALSE,NA,NA,NA,"Missing"
"388",185782,34148,136,"LOG_LT_PPT_PT",3.948940926695,FALSE,NA,NA,NA,"Missing"
"389",178531,31010,137,"LOG_KM2",2.20134554703145,FALSE,"2.20134554703142",NA,"2022-04-05T19:11:35.292544+00:00","Valid"
"390",178532,31009,137,"LOG_KM2",2.29345533621353,FALSE,"2.29345533621357",NA,"2022-04-05T19:11:35.492066+00:00","Valid"
"391",178533,31011,137,"LOG_KM2",1.76585569982608,FALSE,"1.76585569982608",NA,"2022-04-05T19:11:35.766249+00:00","Valid"
"392",178534,31045,137,"LOG_KM2",2.74514799793139,FALSE,"2.74514799793139",NA,"2022-04-05T19:11:35.993667+00:00","Valid"
"393",178535,31047,137,"LOG_KM2",0.739095035302698,FALSE,"0.739095035302698",NA,"2022-04-05T19:11:36.21573+00:00","Valid"
"394",178536,31042,137,"LOG_KM2",1.59486491798832,FALSE,"1.59486491798832",NA,"2022-04-05T19:11:36.436663+00:00","Valid"
"395",178537,31050,137,"LOG_KM2",0.689424800497334,FALSE,"0.689424800497334",NA,"2022-04-05T19:11:36.650131+00:00","Valid"
"396",178538,31041,137,"LOG_KM2",1.38646117206295,FALSE,"1.38646117206295",NA,"2022-04-05T19:11:36.929915+00:00","Valid"
"397",178539,31049,137,"LOG_KM2",0.889339250902583,FALSE,"0.889339250902583",NA,"2022-04-05T19:11:37.156025+00:00","Valid"
"398",178540,31046,137,"LOG_KM2",2.76066367864772,FALSE,"2.76066367864771",NA,"2022-04-05T19:11:37.448729+00:00","Valid"
"399",178541,31048,137,"LOG_KM2",1.68497779654898,FALSE,"1.68497779654898",NA,"2022-04-05T19:11:37.67799+00:00","Valid"
"400",178542,31043,137,"LOG_KM2",1.98566621616821,FALSE,"1.98566621616822",NA,"2022-04-05T19:11:37.967449+00:00","Valid"
"401",178543,31052,137,"LOG_KM2",0.330089487396587,FALSE,"0.330089487396587",NA,"2022-04-05T19:11:38.184602+00:00","Valid"
"402",178544,31044,137,"LOG_KM2",3.18833229191083,FALSE,"3.18833229191083",NA,"2022-04-05T19:11:38.419765+00:00","Valid"
"403",178545,31051,137,"LOG_KM2",-0.0125696134159165,FALSE,"-0.0125696134159165",NA,"2022-04-05T19:11:38.638454+00:00","Valid"
"404",178546,31053,137,"LOG_KM2",1.19254295405617,FALSE,"1.19254295405617",NA,"2022-04-05T19:11:38.884604+00:00","Valid"
"405",178547,31054,137,"LOG_KM2",3.0254907897329,FALSE,"3.0254907897329",NA,"2022-04-05T19:11:39.155911+00:00","Valid"
"406",178548,31055,137,"LOG_KM2",1.82127307746188,FALSE,"1.82127307746188",NA,"2022-04-05T19:11:39.402279+00:00","Valid"
"407",178549,31148,137,"LOG_KM2",0.463830043323362,FALSE,"0.463830043323362",NA,"2022-04-05T19:11:39.708511+00:00","Valid"
"408",178550,31146,137,"LOG_KM2",3.10420725470989,FALSE,"3.10420725470989",NA,"2022-04-05T19:11:40.004837+00:00","Valid"
"409",178551,31147,137,"LOG_KM2",-0.120665257240432,FALSE,"-0.120665257240432",NA,"2022-04-05T19:11:40.233167+00:00","Valid"
"410",178552,11086,137,"LOG_KM2",0.642183255948332,FALSE,"0.642183255948332",NA,"2022-04-05T19:11:40.461045+00:00","Valid"
"411",178553,31141,137,"LOG_KM2",3.58406016152848,FALSE,"3.58406016152848",NA,"2022-04-05T19:11:40.699326+00:00","Valid"
"412",178554,31144,137,"LOG_KM2",3.08470833985316,FALSE,"3.08470833985315",NA,"2022-04-05T19:11:41.189639+00:00","Valid"
"413",178555,31139,137,"LOG_KM2",2.3459070458002,FALSE,"2.34590704580022",NA,"2022-04-05T19:11:41.449818+00:00","Valid"
"414",178556,31138,137,"LOG_KM2",2.83297708752694,FALSE,"2.83297708752694",NA,"2022-04-05T19:11:41.750081+00:00","Valid"
"415",178557,31149,137,"LOG_KM2",1.34918769750116,FALSE,"1.34918769750112",NA,"2022-04-05T19:11:41.980745+00:00","Valid"
"416",178558,31150,137,"LOG_KM2",0.740302376087415,FALSE,"0.740302376087415",NA,"2022-04-05T19:11:42.211086+00:00","Valid"
"417",178559,31143,137,"LOG_KM2",3.10559799303994,FALSE,"3.10559799303994",NA,"2022-04-05T19:11:42.442631+00:00","Valid"
"418",178560,31140,137,"LOG_KM2",3.43166840087043,FALSE,"3.43166840087043",NA,"2022-04-05T19:11:42.736133+00:00","Valid"
"419",178561,31145,137,"LOG_KM2",3.78813282967101,FALSE,"3.78813282967101",NA,"2022-04-05T19:11:42.986659+00:00","Valid"
"420",178562,31142,137,"LOG_KM2",3.68054226247661,FALSE,"3.68054226247662",NA,"2022-04-05T19:11:43.210042+00:00","Valid"
"421",178563,31151,137,"LOG_KM2",2.67319906698318,FALSE,"2.67319906698318",NA,"2022-04-05T19:11:43.418217+00:00","Valid"
"422",178565,31198,137,"LOG_KM2",0.85293263967467,FALSE,"0.85293263967467",NA,"2022-04-05T19:11:43.86118+00:00","Valid"
"423",178566,31200,137,"LOG_KM2",0.487603119747051,FALSE,"0.487603119747051",NA,"2022-04-05T19:11:44.076658+00:00","Valid"
"424",178567,31199,137,"LOG_KM2",2.61650322801705,FALSE,"2.61650322801705",NA,"2022-04-05T19:11:44.296479+00:00","Valid"
"425",178568,20515,137,"LOG_KM2",0.801689030193943,FALSE,"0.801256518650143",NA,"2022-04-05T19:11:44.522346+00:00","Valid"
"426",178569,20507,137,"LOG_KM2",0.634623073373764,FALSE,"0.634703715968841",NA,"2022-04-05T19:11:44.907545+00:00","Valid"
"427",178570,31273,137,"LOG_KM2",0.64453720737455,FALSE,"0.64453720737455",NA,"2022-04-05T19:11:45.204707+00:00","Valid"
"428",178571,20511,137,"LOG_KM2",1.57466518382642,FALSE,"1.57469758706495",NA,"2022-04-05T19:11:45.471357+00:00","Valid"
"429",178572,31278,137,"LOG_KM2",1.29627361441581,FALSE,"1.29627361441581",NA,"2022-04-05T19:11:45.74876+00:00","Valid"
"430",178573,31279,137,"LOG_KM2",1.07960512869237,FALSE,"1.07960512869237",NA,"2022-04-05T19:11:45.999839+00:00","Valid"
"431",178574,31277,137,"LOG_KM2",0.976092610344554,FALSE,"0.976092610344554",NA,"2022-04-05T19:11:46.293455+00:00","Valid"
"432",178575,20509,137,"LOG_KM2",0.269526188496946,FALSE,"0.269853202364339",NA,"2022-04-05T19:11:46.513871+00:00","Valid"
"433",178576,20508,137,"LOG_KM2",1.31329974386096,FALSE,"1.31329974469714",NA,"2022-04-05T19:11:46.789266+00:00","Valid"
"434",178577,31276,137,"LOG_KM2",0.829679229624423,FALSE,"0.829679229624423",NA,"2022-04-05T19:11:47.00049+00:00","Valid"
"435",178578,20512,137,"LOG_KM2",1.07670425103286,FALSE,"1.07670425108736",NA,"2022-04-05T19:11:47.212251+00:00","Valid"
"436",178579,31272,137,"LOG_KM2",2.0657756946892,FALSE,"2.0657756946892",NA,"2022-04-05T19:11:47.514597+00:00","Valid"
"437",178580,20513,137,"LOG_KM2",0.876731423618703,FALSE,"0.876864163470283",NA,"2022-04-05T19:11:47.738755+00:00","Valid"
"438",178581,20404,137,"LOG_KM2",2.11400373833978,FALSE,"2.11400306995088",NA,"2022-04-05T19:11:48.014336+00:00","Valid"
"439",178582,20505,137,"LOG_KM2",1.18817956814839,FALSE,"1.18817956864846",NA,"2022-04-05T19:11:48.225448+00:00","Valid"
"440",178583,31284,137,"LOG_KM2",1.66291835809027,FALSE,"1.66291835809027",NA,"2022-04-05T19:11:48.450267+00:00","Valid"
"441",178584,20535,137,"LOG_KM2",1.25165078551123,FALSE,"1.25165078551123",NA,"2022-04-05T19:11:48.668819+00:00","Valid"
"442",178585,31274,137,"LOG_KM2",1.01059014574539,FALSE,"1.01059014574539",NA,"2022-04-05T19:11:48.90333+00:00","Valid"
"443",178586,20403,137,"LOG_KM2",2.04164896919799,FALSE,"2.04163554264731",NA,"2022-04-05T19:11:49.139182+00:00","Valid"
"444",178587,20411,137,"LOG_KM2",1.57979442862618,FALSE,"1.57979442862618",NA,"2022-04-05T19:11:49.364869+00:00","Valid"
"445",178588,31281,137,"LOG_KM2",0.741015082479887,FALSE,"0.741015082479887",NA,"2022-04-05T19:11:49.658188+00:00","Valid"
"446",178589,31275,137,"LOG_KM2",2.40553409811235,FALSE,"2.40553409811235",NA,"2022-04-05T19:11:49.864491+00:00","Valid"
"447",178590,31283,137,"LOG_KM2",1.3196417911062,FALSE,"1.3196417911062",NA,"2022-04-05T19:11:50.095232+00:00","Valid"
"448",178591,31282,137,"LOG_KM2",0.35808116448959,FALSE,"0.35808116448959",NA,"2022-04-05T19:11:50.31073+00:00","Valid"
"449",178592,31280,137,"LOG_KM2",0.689517780815421,FALSE,"0.689517780815421",NA,"2022-04-05T19:11:50.534279+00:00","Valid"
"450",178593,20516,137,"LOG_KM2",1.11148894252851,FALSE,"1.11148894210567",NA,"2022-04-05T19:11:50.765474+00:00","Valid"
"451",178594,20416,137,"LOG_KM2",2.30321330773226,FALSE,"2.30321330773226",NA,"2022-04-05T19:11:51.068192+00:00","Valid"
"452",178595,31298,137,"LOG_KM2",0.545934401495939,FALSE,"0.545934401495939",NA,"2022-04-05T19:11:51.280024+00:00","Valid"
"453",178596,31296,137,"LOG_KM2",2.47968479545319,FALSE,"2.47968479545319",NA,"2022-04-05T19:11:51.488197+00:00","Valid"
"454",178597,31295,137,"LOG_KM2",1.45922039219626,FALSE,"1.45922039219626",NA,"2022-04-05T19:11:51.705031+00:00","Valid"
"455",178598,31293,137,"LOG_KM2",2.27204449914139,FALSE,"2.27204449914139",NA,"2022-04-05T19:11:51.917717+00:00","Valid"
"456",178599,31294,137,"LOG_KM2",2.78007151727233,FALSE,"2.78007151727233",NA,"2022-04-05T19:11:52.137914+00:00","Valid"
"457",178600,31303,137,"LOG_KM2",1.52853707425348,FALSE,"1.52853707425349",NA,"2022-04-05T19:11:52.371768+00:00","Valid"
"458",178601,31300,137,"LOG_KM2",0.6104728323199,FALSE,"0.6104728323199",NA,"2022-04-05T19:11:52.589361+00:00","Valid"
"459",178602,31302,137,"LOG_KM2",1.32572301612926,FALSE,"1.32572301612926",NA,"2022-04-05T19:11:52.861852+00:00","Valid"
"460",178603,31306,137,"LOG_KM2",0.667537093897846,FALSE,"0.667537093897846",NA,"2022-04-05T19:11:53.158455+00:00","Valid"
"461",178604,31304,137,"LOG_KM2",1.45067661577994,FALSE,"1.45067661577994",NA,"2022-04-05T19:11:53.429328+00:00","Valid"
"462",178605,31299,137,"LOG_KM2",0.942294058530524,FALSE,"0.942294058530524",NA,"2022-04-05T19:11:53.644714+00:00","Valid"
"463",178606,31301,137,"LOG_KM2",0.760030390389728,FALSE,"0.760030390389728",NA,"2022-04-05T19:11:53.879743+00:00","Valid"
"464",178607,31307,137,"LOG_KM2",0.145988651261999,FALSE,"0.145988651261999",NA,"2022-04-05T19:11:54.090384+00:00","Valid"
"465",178608,31297,137,"LOG_KM2",3.24223654621381,FALSE,"3.24223654621381",NA,"2022-04-05T19:11:54.301126+00:00","Valid"
"466",178609,12571,137,"LOG_KM2",2.02962450950027,FALSE,"2.02962450950027",NA,"2022-04-05T19:11:54.579356+00:00","Valid"
"467",178610,30612,137,"LOG_KM2",2.16406227754187,FALSE,"2.16406227754187",NA,"2022-04-05T19:11:54.865803+00:00","Valid"
"468",178611,30634,137,"LOG_KM2",0.300982538867694,FALSE,"0.300982538867694",NA,"2022-04-05T19:11:55.090075+00:00","Valid"
"469",178612,12608,137,"LOG_KM2",1.32423094378999,FALSE,"1.32423094379001",NA,"2022-04-05T19:11:55.297793+00:00","Valid"
"470",178613,12606,137,"LOG_KM2",0.614649243878222,FALSE,"0.614339",NA,"2021-11-17T04:18:48.264249+00:00","Valid"
"471",178614,12575,137,"LOG_KM2",1.55858864390971,FALSE,"1.55858864390971",NA,"2022-04-05T19:11:55.511245+00:00","Valid"
"472",178615,12599,137,"LOG_KM2",1.64502946793703,FALSE,"1.64502946793703",NA,"2022-04-05T19:11:55.745462+00:00","Valid"
"473",178616,12605,137,"LOG_KM2",0.421887504036334,FALSE,"0.421887504036334",NA,"2022-04-05T19:11:56.282811+00:00","Valid"
"474",178617,30614,137,"LOG_KM2",1.55917501559915,FALSE,"1.55917501559915",NA,"2022-04-05T19:11:56.512327+00:00","Valid"
"475",178677,30606,137,"LOG_KM2",1.60385887248963,FALSE,"1.60385887248963",NA,"2022-04-05T19:11:56.772351+00:00","Valid"
"476",178678,31040,137,"LOG_KM2",1.36739260802674,FALSE,"1.36739260802674",NA,"2022-04-05T19:11:57.063128+00:00","Valid"
"477",184854,11061,137,"LOG_KM2",2.21547929191666,FALSE,"2.21547929191666",NA,"2022-04-05T19:11:57.288689+00:00","Valid"
"478",184855,11083,137,"LOG_KM2",1.19594622286315,FALSE,"1.19594622286315",NA,"2022-04-05T19:11:57.560531+00:00","Valid"
"479",184999,33520,137,"LOG_KM2",2.4803233780878,FALSE,"2.4803233780878",NA,"2022-04-05T19:11:57.79692+00:00","Valid"
"480",185050,20514,137,"LOG_KM2",0.343732310561927,FALSE,"0.343811078610589",NA,"2022-04-05T19:11:58.268366+00:00","Valid"
"481",185051,20532,137,"LOG_KM2",1.5779760361737,FALSE,"1.5779760361737",NA,"2022-04-05T19:11:58.489188+00:00","Valid"
"482",185070,30648,137,"LOG_KM2",0.554143470292512,FALSE,"0.554143470292512",NA,"2022-04-05T19:11:58.713791+00:00","Valid"
"483",185703,19136,137,"LOG_KM2",0.931574837788589,FALSE,"0.931574837788589",NA,"2022-04-05T19:11:58.935058+00:00","Valid"
"484",185704,33724,137,"LOG_KM2",0.759299548542081,FALSE,"0.759299548542081",NA,"2022-04-05T19:11:59.150884+00:00","Valid"
"485",178531,31010,183,"WsAreaSqKm",158.8464,FALSE,"158.8464",NA,"2022-04-05T19:11:59.361011+00:00","Valid"
"486",178532,31009,183,"WsAreaSqKm",196.2333,FALSE,"196.2333",NA,"2022-04-05T19:11:59.600899+00:00","Valid"
"487",178533,31011,183,"WsAreaSqKm",62.3106,FALSE,"62.3106",NA,"2022-04-05T19:11:59.837907+00:00","Valid"
"488",178534,31045,183,"WsAreaSqKm",556.8057,FALSE,"556.8057",NA,"2022-04-05T19:12:00.532038+00:00","Valid"
"489",178535,31047,183,"WsAreaSqKm",6.1083,FALSE,"6.1083",NA,"2022-04-05T19:12:00.754772+00:00","Valid"
"490",178536,31042,183,"WsAreaSqKm",40.7718,FALSE,"40.7718",NA,"2022-04-05T19:12:01.024807+00:00","Valid"
"491",178537,31050,183,"WsAreaSqKm",5.004,FALSE,"5.004",NA,"2022-04-05T19:12:01.259619+00:00","Valid"
"492",178538,31041,183,"WsAreaSqKm",27.8991,FALSE,"27.8991",NA,"2022-04-05T19:12:01.642294+00:00","Valid"
"493",178539,31049,183,"WsAreaSqKm",9.0792,FALSE,"9.0792",NA,"2022-04-05T19:12:01.92573+00:00","Valid"
"494",178540,31046,183,"WsAreaSqKm",405.0369,FALSE,"405.0369",NA,"2022-04-05T19:12:02.179949+00:00","Valid"
"495",178541,31048,183,"WsAreaSqKm",49.1913,FALSE,"49.1913",NA,"2022-04-05T19:12:02.402199+00:00","Valid"
"496",178542,31043,183,"WsAreaSqKm",99.2484,FALSE,"99.2484",NA,"2022-04-05T19:12:02.664538+00:00","Valid"
"497",178543,31052,183,"WsAreaSqKm",3.1977,FALSE,"3.1977",NA,"2022-04-05T19:12:02.891689+00:00","Valid"
"498",178544,31044,183,"WsAreaSqKm",1542.9933,FALSE,"1542.9933",NA,"2022-07-21T00:07:07.948923+00:00","Valid"
"499",178545,31051,183,"WsAreaSqKm",1.7946,FALSE,"1.7946",NA,"2022-04-05T19:12:03.391997+00:00","Valid"
"500",178546,31053,183,"WsAreaSqKm",17.001,FALSE,"17.001",NA,"2022-04-05T19:12:03.684916+00:00","Valid"
"501",178547,31054,183,"WsAreaSqKm",1059.6744,FALSE,"1059.6744",NA,"2022-04-05T19:12:03.914482+00:00","Valid"
"502",178548,31055,183,"WsAreaSqKm",66.5829,FALSE,"66.5829",NA,"2022-04-05T19:12:04.183498+00:00","Valid"
"503",178549,31148,183,"WsAreaSqKm",3.3435,FALSE,"3.3435",NA,"2022-04-05T19:12:04.415728+00:00","Valid"
"504",178550,31146,183,"WsAreaSqKm",1273.9419,FALSE,"1273.9419",NA,"2022-04-05T19:12:04.659198+00:00","Valid"
"505",178551,31147,183,"WsAreaSqKm",3.0177,FALSE,"3.0177",NA,"2022-04-05T19:12:04.964994+00:00","Valid"
"506",178552,11086,183,"WsAreaSqKm",5.5062,FALSE,"5.5062",NA,"2022-07-21T00:06:37.990962+00:00","Valid"
"507",178553,31141,183,"WsAreaSqKm",3839.5314,FALSE,"3839.5314",NA,"2022-04-05T19:12:05.444619+00:00","Valid"
"508",178554,31144,183,"WsAreaSqKm",1216.5651,FALSE,"1216.5651",NA,"2022-04-05T19:12:05.768949+00:00","Valid"
"509",178555,31139,183,"WsAreaSqKm",225.3852,FALSE,"225.3852",NA,"2022-04-05T19:12:06.189829+00:00","Valid"
"510",178556,31138,183,"WsAreaSqKm",681.7545,FALSE,"681.7545",NA,"2022-04-05T19:12:06.416132+00:00","Valid"
"511",178557,31149,183,"WsAreaSqKm",23.2461,FALSE,"23.2461",NA,"2022-04-05T19:12:06.658392+00:00","Valid"
"512",178558,31150,183,"WsAreaSqKm",8.3853,FALSE,"8.3853",NA,"2022-04-05T19:12:06.884607+00:00","Valid"
"513",178559,31143,183,"WsAreaSqKm",1344.3264,FALSE,"1344.3264",NA,"2022-04-05T19:12:07.133429+00:00","Valid"
"514",178560,31140,183,"WsAreaSqKm",2693.7045,FALSE,"2693.7045",NA,"2022-04-05T19:12:07.351554+00:00","Valid"
"515",178561,31145,183,"WsAreaSqKm",6141.5838,FALSE,"6141.5838",NA,"2022-04-05T19:12:07.56845+00:00","Valid"
"516",178562,31142,183,"WsAreaSqKm",4804.1991,FALSE,"4804.1991",NA,"2022-04-05T19:12:07.806571+00:00","Valid"
"517",178563,31151,183,"WsAreaSqKm",480.5685,FALSE,"480.5685",NA,"2022-04-05T19:12:08.045166+00:00","Valid"
"518",178565,31198,183,"WsAreaSqKm",13.4703,FALSE,"13.4703",NA,"2022-04-05T19:12:08.59498+00:00","Valid"
"519",178566,31200,183,"WsAreaSqKm",4.0203,FALSE,"4.0203",NA,"2022-04-05T19:12:08.816347+00:00","Valid"
"520",178567,31199,183,"WsAreaSqKm",414.2565,FALSE,"414.2565",NA,"2022-04-05T19:12:09.051127+00:00","Valid"
"521",178568,20515,183,"WsAreaSqKm",6.4629,FALSE,"6.4629",NA,"2022-08-01T21:28:45.083093+00:00","Valid"
"522",178569,20507,183,"WsAreaSqKm",1.2483,FALSE,"1.2483",NA,"2022-08-01T21:28:42.844557+00:00","Valid"
"523",178570,31273,183,"WsAreaSqKm",4.6566,FALSE,"4.6566",NA,"2022-04-05T19:12:10.129343+00:00","Valid"
"524",178571,20511,183,"WsAreaSqKm",37.8999,FALSE,"37.8999",NA,"2022-08-01T21:28:43.805546+00:00","Valid"
"525",178572,31278,183,"WsAreaSqKm",23.1327,FALSE,"23.1327",NA,"2022-04-05T19:12:10.664787+00:00","Valid"
"526",178573,31279,183,"WsAreaSqKm",14.2173,FALSE,"14.2173",NA,"2022-04-05T19:12:10.940432+00:00","Valid"
"527",178574,31277,183,"WsAreaSqKm",10.7631,FALSE,"10.7631",NA,"2022-04-05T19:12:11.158757+00:00","Valid"
"528",178575,20509,183,"WsAreaSqKm",4.1481,FALSE,"4.1481",NA,"2022-08-01T21:28:43.32857+00:00","Valid"
"529",178576,20508,183,"WsAreaSqKm",21.1914,FALSE,"21.1914",NA,"2022-08-01T21:28:43.090408+00:00","Valid"
"530",178577,31276,183,"WsAreaSqKm",8.3394,FALSE,"8.3394",NA,"2022-04-05T19:12:11.915265+00:00","Valid"
"531",178578,20512,183,"WsAreaSqKm",12.0924,FALSE,"12.0924",NA,"2022-08-01T21:28:43.988904+00:00","Valid"
"532",178579,31272,183,"WsAreaSqKm",130.4883,FALSE,"130.4883",NA,"2022-04-05T19:12:12.331034+00:00","Valid"
"533",178580,20513,183,"WsAreaSqKm",9.8694,FALSE,"9.8694",NA,"2022-08-01T21:28:44.419119+00:00","Valid"
"534",178581,20404,183,"WsAreaSqKm",129.8529,FALSE,"129.8529",NA,"2022-08-01T21:28:18.691024+00:00","Valid"
"535",178582,20505,183,"WsAreaSqKm",16.5357,FALSE,"16.5357",NA,"2022-08-01T21:28:42.343305+00:00","Valid"
"536",178583,31284,183,"WsAreaSqKm",46.0998,FALSE,"46.0998",NA,"2022-04-05T19:12:13.245306+00:00","Valid"
"537",178584,20535,183,"WsAreaSqKm",18.099,FALSE,"18.099",NA,"2022-07-21T00:04:18.269726+00:00","Valid"
"538",178585,31274,183,"WsAreaSqKm",10.5957,FALSE,"10.5957",NA,"2022-04-05T19:12:13.695667+00:00","Valid"
"539",178586,20403,183,"WsAreaSqKm",110.2617,FALSE,"110.2617",NA,"2022-08-01T21:28:42.077505+00:00","Valid"
"540",178587,20411,183,"WsAreaSqKm",42.2208,FALSE,"42.2208",NA,"2022-07-21T00:04:14.982063+00:00","Valid"
"541",178588,31281,183,"WsAreaSqKm",6.3873,FALSE,"6.3873",NA,"2022-04-05T19:12:14.418813+00:00","Valid"
"542",178589,31275,183,"WsAreaSqKm",393.6951,FALSE,"393.6951",NA,"2022-04-05T19:12:14.637675+00:00","Valid"
"543",178590,31283,183,"WsAreaSqKm",24.9111,FALSE,"24.9111",NA,"2022-04-05T19:12:14.855055+00:00","Valid"
"544",178591,31282,183,"WsAreaSqKm",14.6646,FALSE,"14.6646",NA,"2022-04-05T19:12:15.078845+00:00","Valid"
"545",178592,31280,183,"WsAreaSqKm",6.1911,FALSE,"6.1911",NA,"2022-04-05T19:12:15.359283+00:00","Valid"
"546",178593,20516,183,"WsAreaSqKm",14.3199,FALSE,"14.3199",NA,"2022-08-01T21:28:45.384212+00:00","Valid"
"547",178594,20416,183,"WsAreaSqKm",208.323,FALSE,"208.323",NA,"2022-07-21T00:04:16.723941+00:00","Valid"
"548",178595,31298,183,"WsAreaSqKm",3.6657,FALSE,"3.6657",NA,"2022-04-05T19:12:16.269065+00:00","Valid"
"549",178596,31296,183,"WsAreaSqKm",300.969,FALSE,"300.969",NA,"2022-04-05T19:12:16.483427+00:00","Valid"
"550",178597,31295,183,"WsAreaSqKm",29.1942,FALSE,"29.1942",NA,"2022-04-05T19:12:16.768755+00:00","Valid"
"551",178598,31293,183,"WsAreaSqKm",182.3697,FALSE,"182.3697",NA,"2022-04-05T19:12:17.042266+00:00","Valid"
"552",178599,31294,183,"WsAreaSqKm",696.3885,FALSE,"696.3885",NA,"2022-04-05T19:12:17.252016+00:00","Valid"
"553",178600,31303,183,"WsAreaSqKm",23.2659,FALSE,"23.2659",NA,"2022-04-05T19:12:17.475566+00:00","Valid"
"554",178601,31300,183,"WsAreaSqKm",4.1922,FALSE,"4.1922",NA,"2022-04-05T19:12:17.746414+00:00","Valid"
"555",178602,31302,183,"WsAreaSqKm",22.0851,FALSE,"22.0851",NA,"2022-04-05T19:12:17.96892+00:00","Valid"
"556",178603,31306,183,"WsAreaSqKm",4.8132,FALSE,"4.8132",NA,"2022-04-05T19:12:18.20599+00:00","Valid"
"557",178604,31304,183,"WsAreaSqKm",28.4049,FALSE,"28.4049",NA,"2022-04-05T19:12:18.489447+00:00","Valid"
"558",178605,31299,183,"WsAreaSqKm",11.2986,FALSE,"11.2986",NA,"2022-04-05T19:12:18.731559+00:00","Valid"
"559",178606,31301,183,"WsAreaSqKm",9.1197,FALSE,"9.1197",NA,"2022-04-05T19:12:18.992712+00:00","Valid"
"560",178607,31307,183,"WsAreaSqKm",3.6729,FALSE,"3.6729",NA,"2022-04-05T19:12:19.206826+00:00","Valid"
"561",178608,31297,183,"WsAreaSqKm",1540.0233,FALSE,"1540.0233",NA,"2022-04-05T19:12:19.420271+00:00","Valid"
"562",178609,12571,183,"WsAreaSqKm",107.982,FALSE,"107.982",NA,"2022-08-01T16:37:07.562306+00:00","Valid"
"563",178610,30612,183,"WsAreaSqKm",145.8729,FALSE,"145.8729",NA,"2022-08-01T16:37:27.783626+00:00","Valid"
"564",178611,30634,183,"WsAreaSqKm",8.0154,FALSE,"8.0154",NA,"2022-08-01T16:37:01.583516+00:00","Valid"
"565",178612,12608,183,"WsAreaSqKm",22.4361,FALSE,"22.4361",NA,"2022-08-01T16:37:44.851959+00:00","Valid"
"566",178613,12606,183,"WsAreaSqKm",3745.8423,FALSE,"3745.8423",NA,"2022-08-01T21:31:53.437788+00:00","Valid"
"567",178614,12575,183,"WsAreaSqKm",38.2284,FALSE,"38.2284",NA,"2022-08-01T16:38:13.767989+00:00","Valid"
"568",178615,12599,183,"WsAreaSqKm",44.9199,FALSE,"44.9199",NA,"2022-08-01T16:37:13.39462+00:00","Valid"
"569",178616,12605,183,"WsAreaSqKm",2.7009,FALSE,"2.7009",NA,"2022-08-01T16:37:43.787223+00:00","Valid"
"570",178617,30614,183,"WsAreaSqKm",37.089,FALSE,"37.089",NA,"2022-08-01T16:38:06.927809+00:00","Valid"
"571",178677,30606,183,"WsAreaSqKm",40.7718,FALSE,"40.7718",NA,"2022-08-01T16:37:01.319485+00:00","Valid"
"572",178678,31040,183,"WsAreaSqKm",26.7426,FALSE,"26.7426",NA,"2022-04-05T19:12:21.892069+00:00","Valid"
"573",184854,11061,183,"WsAreaSqKm",166.4658,FALSE,"166.4658",NA,"2022-04-05T19:12:22.162873+00:00","Valid"
"574",184855,11083,183,"WsAreaSqKm",32.5458,FALSE,"32.5458",NA,"2022-04-05T19:12:22.445036+00:00","Valid"
"575",184999,33520,183,"WsAreaSqKm",303.066,FALSE,"303.066",NA,"2022-04-05T19:12:22.674974+00:00","Valid"
"576",185050,20514,183,"WsAreaSqKm",7.1505,FALSE,"7.1505",NA,"2022-08-01T21:28:44.719212+00:00","Valid"
"577",185051,20532,183,"WsAreaSqKm",45.5661,FALSE,"45.5661",NA,"2022-07-21T00:04:17.565721+00:00","Valid"
"578",185070,30648,183,"WsAreaSqKm",3.7125,FALSE,"3.7125",NA,"2022-08-01T16:37:57.14284+00:00","Valid"
"579",185703,19136,183,"WsAreaSqKm",8.5815,FALSE,"8.5815",NA,"2022-07-21T00:06:40.395738+00:00","Valid"
"580",185704,33724,183,"WsAreaSqKm",9.639,FALSE,"9.639",NA,"2022-04-05T19:12:24.011289+00:00","Valid"
"581",178531,31010,185,"Precip8110Ws",554.373269628176,FALSE,"554.373269628176",NA,"2022-04-05T19:12:24.240738+00:00","Valid"
"582",178532,31009,185,"Precip8110Ws",419.075765998601,FALSE,"419.075765998601",NA,"2022-04-05T19:12:24.453996+00:00","Valid"
"583",178533,31011,185,"Precip8110Ws",423.753233164234,FALSE,"423.753233164234",NA,"2022-04-05T19:12:24.670376+00:00","Valid"
"584",178534,31045,185,"Precip8110Ws",461.275840361902,FALSE,"461.275840361902",NA,"2022-04-05T19:12:25.007556+00:00","Valid"
"585",178535,31047,185,"Precip8110Ws",435.171154116546,FALSE,"435.171154116546",NA,"2022-04-05T19:12:25.211228+00:00","Valid"
"586",178536,31042,185,"Precip8110Ws",420.140031741225,FALSE,"420.140031741225",NA,"2022-04-05T19:12:25.429848+00:00","Valid"
"587",178537,31050,185,"Precip8110Ws",328.280572543166,FALSE,"328.280572543166",NA,"2022-04-05T19:12:25.656578+00:00","Valid"
"588",178538,31041,185,"Precip8110Ws",499.265628148711,FALSE,"499.265628148711",NA,"2022-04-05T19:12:25.918519+00:00","Valid"
"589",178539,31049,185,"Precip8110Ws",505.662933834358,FALSE,"505.662933834358",NA,"2022-04-05T19:12:26.134543+00:00","Valid"
"590",178540,31046,185,"Precip8110Ws",383.796470323456,FALSE,"383.796470323456",NA,"2022-04-05T19:12:26.417448+00:00","Valid"
"591",178541,31048,185,"Precip8110Ws",573.01032693084,FALSE,"573.01032693084",NA,"2022-04-05T19:12:26.657732+00:00","Valid"
"592",178542,31043,185,"Precip8110Ws",571.08624605734,FALSE,"571.08624605734",NA,"2022-04-05T19:12:26.877646+00:00","Valid"
"593",178543,31052,185,"Precip8110Ws",443.756097751196,FALSE,"443.756097751196",NA,"2022-04-05T19:12:27.112618+00:00","Valid"
"594",178544,31044,185,"Precip8110Ws",367.498095318527,FALSE,"367.498095318527",NA,"2022-07-21T00:26:17.875354+00:00","Valid"
"595",178545,31051,185,"Precip8110Ws",586.120988971916,FALSE,"586.120988971916",NA,"2022-04-05T19:12:27.538017+00:00","Valid"
"596",178546,31053,185,"Precip8110Ws",813.753549706935,FALSE,"813.753549706935",NA,"2022-04-05T19:12:27.7539+00:00","Valid"
"597",178547,31054,185,"Precip8110Ws",422.381845918621,FALSE,"422.381845918621",NA,"2022-04-05T19:12:27.974358+00:00","Valid"
"598",178548,31055,185,"Precip8110Ws",525.373236908517,FALSE,"525.373236908517",NA,"2022-04-05T19:12:28.197117+00:00","Valid"
"599",178549,31148,185,"Precip8110Ws",462.208262994589,FALSE,"462.208262994589",NA,"2022-04-05T19:12:28.410951+00:00","Valid"
"600",178550,31146,185,"Precip8110Ws",367.23544805397,FALSE,"367.23544805397",NA,"2022-04-05T19:12:28.660167+00:00","Valid"
"601",178551,31147,185,"Precip8110Ws",340.38810612884,FALSE,"340.38810612884",NA,"2022-04-05T19:12:28.933017+00:00","Valid"
"602",178552,11086,185,"Precip8110Ws",673.040620702844,FALSE,"673.040620702844",NA,"2022-07-21T00:25:52.352278+00:00","Valid"
"603",178553,31141,185,"Precip8110Ws",404.684820192449,FALSE,"404.684820192449",NA,"2022-04-05T19:12:29.367915+00:00","Valid"
"604",178554,31144,185,"Precip8110Ws",371.094060761906,FALSE,"371.094060761906",NA,"2022-04-05T19:12:29.615865+00:00","Valid"
"605",178555,31139,185,"Precip8110Ws",695.946066193227,FALSE,"695.946066193227",NA,"2022-04-05T19:12:29.841064+00:00","Valid"
"606",178556,31138,185,"Precip8110Ws",425.40233589395,FALSE,"425.40233589395",NA,"2022-04-05T19:12:30.083948+00:00","Valid"
"607",178557,31149,185,"Precip8110Ws",605.418503993427,FALSE,"605.418503993427",NA,"2022-04-05T19:12:30.295737+00:00","Valid"
"608",178558,31150,185,"Precip8110Ws",623.635617398304,FALSE,"623.635617398304",NA,"2022-04-05T19:12:30.954541+00:00","Valid"
"609",178559,31143,185,"Precip8110Ws",423.814110355048,FALSE,"423.814110355048",NA,"2022-04-05T19:12:31.169634+00:00","Valid"
"610",178560,31140,185,"Precip8110Ws",436.8988046748,FALSE,"436.8988046748",NA,"2022-04-05T19:12:31.46521+00:00","Valid"
"611",178561,31145,185,"Precip8110Ws",390.777466684431,FALSE,"390.777466684431",NA,"2022-04-05T19:12:31.674595+00:00","Valid"
"612",178562,31142,185,"Precip8110Ws",398.505702817106,FALSE,"398.505702817106",NA,"2022-04-05T19:12:31.898626+00:00","Valid"
"613",178563,31151,185,"Precip8110Ws",651.928921826407,FALSE,"651.928921826407",NA,"2022-04-05T19:12:32.113452+00:00","Valid"
"614",178565,31198,185,"Precip8110Ws",478.572129738221,FALSE,"478.572129738221",NA,"2022-04-05T19:12:32.618688+00:00","Valid"
"615",178566,31200,185,"Precip8110Ws",495.505489734721,FALSE,"495.505489734721",NA,"2022-04-05T19:12:32.845098+00:00","Valid"
"616",178567,31199,185,"Precip8110Ws",578.258062375859,FALSE,"578.258062375859",NA,"2022-04-05T19:12:33.161896+00:00","Valid"
"617",178568,20515,185,"Precip8110Ws",434.056664167247,FALSE,"434.056664167247",NA,"2022-08-01T21:36:12.52748+00:00","Valid"
"618",178569,20507,185,"Precip8110Ws",381.685562651045,FALSE,"381.685562651045",NA,"2022-08-01T21:36:10.475487+00:00","Valid"
"619",178570,31273,185,"Precip8110Ws",562.266648188829,FALSE,"562.266648188829",NA,"2022-04-05T19:12:33.901484+00:00","Valid"
"620",178571,20511,185,"Precip8110Ws",667.217011688727,FALSE,"667.217011688727",NA,"2022-08-01T21:36:11.479488+00:00","Valid"
"621",178572,31278,185,"Precip8110Ws",515.381790555966,FALSE,"515.381790555966",NA,"2022-04-05T19:12:34.333039+00:00","Valid"
"622",178573,31279,185,"Precip8110Ws",627.621072254226,FALSE,"627.621072254226",NA,"2022-04-05T19:12:34.575713+00:00","Valid"
"623",178574,31277,185,"Precip8110Ws",715.257020195669,FALSE,"715.257020195669",NA,"2022-04-05T19:12:34.814692+00:00","Valid"
"624",178575,20509,185,"Precip8110Ws",397.428590258191,FALSE,"397.428590258191",NA,"2022-08-01T21:36:10.960367+00:00","Valid"
"625",178576,20508,185,"Precip8110Ws",383.134192741909,FALSE,"383.134192741909",NA,"2022-08-01T21:36:10.715485+00:00","Valid"
"626",178577,31276,185,"Precip8110Ws",859.046889323333,FALSE,"859.046889323333",NA,"2022-04-05T19:12:35.495239+00:00","Valid"
"627",178578,20512,185,"Precip8110Ws",1012.86375027664,FALSE,"1012.86375027664",NA,"2022-08-01T21:36:11.744202+00:00","Valid"
"628",178579,31272,185,"Precip8110Ws",420.062181207948,FALSE,"420.062181207948",NA,"2022-04-05T19:12:35.950663+00:00","Valid"
"629",178580,20513,185,"Precip8110Ws",663.454031321357,FALSE,"663.454031321357",NA,"2022-08-01T21:36:11.983479+00:00","Valid"
"630",178581,20404,185,"Precip8110Ws",585.053332105483,FALSE,"585.053332105483",NA,"2022-08-01T21:35:46.37798+00:00","Valid"
"631",178582,20505,185,"Precip8110Ws",632.84142430904,FALSE,"632.84142430904",NA,"2022-08-01T21:36:09.873276+00:00","Valid"
"632",178583,31284,185,"Precip8110Ws",426.652869852185,FALSE,"426.652869852185",NA,"2022-04-05T19:12:36.944963+00:00","Valid"
"633",178584,20535,185,"Precip8110Ws",560.839854374137,FALSE,"560.839854374137",NA,"2022-07-21T00:23:39.790395+00:00","Valid"
"634",178585,31274,185,"Precip8110Ws",659.995394681899,FALSE,"659.995394681899",NA,"2022-04-05T19:12:37.391751+00:00","Valid"
"635",178586,20403,185,"Precip8110Ws",649.263766656928,FALSE,"649.263766656928",NA,"2022-08-01T21:36:09.632983+00:00","Valid"
"636",178587,20411,185,"Precip8110Ws",630.054813685339,FALSE,"630.054813685339",NA,"2022-07-21T00:23:36.422894+00:00","Valid"
"637",178588,31281,185,"Precip8110Ws",454.997463429055,FALSE,"454.997463429055",NA,"2022-04-05T19:12:38.493378+00:00","Valid"
"638",178589,31275,185,"Precip8110Ws",435.179587993296,FALSE,"435.179587993296",NA,"2022-04-05T19:12:38.722234+00:00","Valid"
"639",178590,31283,185,"Precip8110Ws",324.260718602153,FALSE,"324.260718602153",NA,"2022-04-05T19:12:38.941556+00:00","Valid"
"640",178591,31282,185,"Precip8110Ws",775.8683449374,FALSE,"775.8683449374",NA,"2022-04-05T19:12:39.156543+00:00","Valid"
"641",178592,31280,185,"Precip8110Ws",844.213327599942,FALSE,"844.213327599942",NA,"2022-04-05T19:12:39.433272+00:00","Valid"
"642",178593,20516,185,"Precip8110Ws",489.07470950242,FALSE,"489.07470950242",NA,"2022-08-01T21:36:12.746142+00:00","Valid"
"643",178594,20416,185,"Precip8110Ws",594.219815801612,FALSE,"594.219815801612",NA,"2022-07-21T00:23:37.625093+00:00","Valid"
"644",178595,31298,185,"Precip8110Ws",643.866949022833,FALSE,"643.866949022833",NA,"2022-04-05T19:12:40.256335+00:00","Valid"
"645",178596,31296,185,"Precip8110Ws",515.491042653246,FALSE,"515.491042653246",NA,"2022-04-05T19:12:40.473293+00:00","Valid"
"646",178597,31295,185,"Precip8110Ws",458.726364155518,FALSE,"458.726364155518",NA,"2022-04-05T19:12:40.690367+00:00","Valid"
"647",178598,31293,185,"Precip8110Ws",390.233094829878,FALSE,"390.233094829878",NA,"2022-04-05T19:12:40.932781+00:00","Valid"
"648",178599,31294,185,"Precip8110Ws",334.91829376925,FALSE,"334.91829376925",NA,"2022-04-05T19:12:41.145236+00:00","Valid"
"649",178600,31303,185,"Precip8110Ws",461.27542251451,FALSE,"461.27542251451",NA,"2022-04-05T19:12:41.373774+00:00","Valid"
"650",178601,31300,185,"Precip8110Ws",715.25754753757,FALSE,"715.25754753757",NA,"2022-04-05T19:12:41.616331+00:00","Valid"
"651",178602,31302,185,"Precip8110Ws",517.716067633188,FALSE,"517.716067633188",NA,"2022-04-05T19:12:41.86598+00:00","Valid"
"652",178603,31306,185,"Precip8110Ws",693.796945609574,FALSE,"693.796945609574",NA,"2022-04-05T19:12:42.150192+00:00","Valid"
"653",178604,31304,185,"Precip8110Ws",605.387751074269,FALSE,"605.387751074269",NA,"2022-04-05T19:12:42.384851+00:00","Valid"
"654",178605,31299,185,"Precip8110Ws",725.624277739366,FALSE,"725.624277739366",NA,"2022-04-05T19:12:42.62247+00:00","Valid"
"655",178606,31301,185,"Precip8110Ws",616.111308040363,FALSE,"616.111308040363",NA,"2022-04-05T19:12:42.874681+00:00","Valid"
"656",178607,31307,185,"Precip8110Ws",654.978297209017,FALSE,"654.978297209017",NA,"2022-04-05T19:12:43.093898+00:00","Valid"
"657",178608,31297,185,"Precip8110Ws",417.576328974295,FALSE,"417.576328974295",NA,"2022-04-05T19:12:43.421255+00:00","Valid"
"658",178609,12571,185,"Precip8110Ws",825.899718662276,FALSE,"825.899718662276",NA,"2022-08-01T16:41:34.184565+00:00","Valid"
"659",178610,30612,185,"Precip8110Ws",646.687370701568,FALSE,"646.687370701568",NA,"2022-08-01T16:41:52.890554+00:00","Valid"
"660",178611,30634,185,"Precip8110Ws",477.251838233775,FALSE,"477.251838233775",NA,"2022-08-01T16:41:28.261542+00:00","Valid"
"661",178612,12608,185,"Precip8110Ws",689.388281256288,FALSE,"689.388281256288",NA,"2022-08-01T16:42:09.569609+00:00","Valid"
"662",178613,12606,185,"Precip8110Ws",486.153518840072,FALSE,"486.153518840072",NA,"2022-08-01T21:38:49.147913+00:00","Valid"
"663",178614,12575,185,"Precip8110Ws",560.702876983699,FALSE,"560.702876983699",NA,"2022-08-01T16:42:37.294575+00:00","Valid"
"664",178615,12599,185,"Precip8110Ws",710.344298096392,FALSE,"710.344298096392",NA,"2022-08-01T16:41:40.096091+00:00","Valid"
"665",178616,12605,185,"Precip8110Ws",1191.30105654782,FALSE,"1191.30105654782",NA,"2022-08-01T16:42:08.565124+00:00","Valid"
"666",178617,30614,185,"Precip8110Ws",643.554338380854,FALSE,"643.554338380854",NA,"2022-08-01T16:42:30.155493+00:00","Valid"
"667",178677,30606,185,"Precip8110Ws",420.140031741225,FALSE,"420.140031741225",NA,"2022-08-01T16:41:28.042494+00:00","Valid"
"668",178678,31040,185,"Precip8110Ws",446.503036803425,FALSE,"446.503036803425",NA,"2022-04-05T19:12:46.110038+00:00","Valid"
"669",184854,11061,185,"Precip8110Ws",687.011218790254,FALSE,"687.011218790254",NA,"2022-04-05T19:12:46.404187+00:00","Valid"
"670",184855,11083,185,"Precip8110Ws",503.257577155578,FALSE,"503.257577155578",NA,"2022-04-05T19:12:46.622184+00:00","Valid"
"671",184999,33520,185,"Precip8110Ws",514.36314045562,FALSE,"514.36314045562",NA,"2022-04-05T19:12:46.93842+00:00","Valid"
"672",185050,20514,185,"Precip8110Ws",587.447285237256,FALSE,"587.447285237256",NA,"2022-08-01T21:36:12.259492+00:00","Valid"
"673",185051,20532,185,"Precip8110Ws",448.009237893381,FALSE,"448.009237893381",NA,"2022-07-21T00:23:39.074646+00:00","Valid"
"674",185070,30648,185,"Precip8110Ws",624.469329071273,FALSE,"624.469329071273",NA,"2022-08-01T16:42:21.070771+00:00","Valid"
"675",185703,19136,185,"Precip8110Ws",606.239152494809,FALSE,"606.239152494809",NA,"2022-07-21T00:25:54.581685+00:00","Valid"
"676",185704,33724,185,"Precip8110Ws",703.364030295434,FALSE,"703.364030295434",NA,"2022-04-05T19:12:48.657965+00:00","Valid"
